PlayerID,Name,Team,Position,Age,Played,Started,PassingCompletions,PassingAttempts,PassingYards,PassingTouchdowns,PassingInterceptions,RushingAttempts,RushingYards,RushingYardsPerAttempt,RushingTouchdowns,ReceivingTargets,Receptions,ReceivingYards,ReceivingYardsPerReception,ReceivingTouchdowns,FantasyPoints
23729,Rashid Shaheed,NO,WR,24.0,12.0,6.0,0.0,0.0,0.0,0.0,0.0,4.0,57.0,14.2,1.0,34.0,28.0,488.0,17.4,2.0,72.5
23255,Snoop Conner,JAX,RB,22.0,8.0,0.0,0.0,0.0,0.0,0.0,0.0,12.0,42.0,3.5,1.0,0.0,0.0,0.0,0.0,0.0,10.2
22892,Tim Jones,JAX,WR,24.0,17.0,1.0,0.0,0.0,0.0,0.0,0.0,0.0,0.0,0.0,0.0,4.0,3.0,30.0,10.0,0.0,3.0
22683,Jacob Harris,JAX,WR,25.0,7.0,0.0,0.0,0.0,0.0,0.0,0.0,0.0,0.0,0.0,0.0,1.0,1.0,6.0,6.0,0.0,0.6
22565,Chris Olave,NO,WR,22.0,15.0,9.0,0.0,0.0,0.0,0.0,0.0,0.0,0.0,0.0,0.0,119.0,72.0,1042.0,14.5,4.0,126.2
22490,Trevor Lawrence,JAX,QB,23.0,17.0,17.0,387.0,584.0,4113.0,25.0,8.0,62.0,291.0,4.7,5.0,0.0,0.0,0.0,0.0,0.0,295.62
21795,Luke Farrell,JAX,TE,25.0,17.0,0.0,0.0,0.0,0.0,0.0,0.0,0.0,0.0,0.0,0.0,4.0,4.0,40.0,10.0,0.0,4.0
21773,Eno Benjamin,NO,RB,23.0,15.0,3.0,0.0,0.0,0.0,0.0,0.0,77.0,313.0,4.1,2.0,34.0,25.0,193.0,7.7,0.0,64.6
21765,JaMycal Hasty,JAX,RB,26.0,17.0,0.0,0.0,0.0,0.0,0.0,0.0,46.0,194.0,4.2,2.0,26.0,20.0,126.0,6.3,1.0,50.0
21743,Lynn Bowden,NO,WR,25.0,1.0,0.0,0.0,0.0,0.0,0.0,0.0,0.0,0.0,0.0,0.0,0.0,0.0,0.0,0.0,0.0,0.0
21738,Juwan Johnson,NO,TE,26.0,16.0,12.0,0.0,0.0,0.0,0.0,0.0,0.0,0.0,0.0,0.0,65.0,42.0,508.0,12.1,7.0,92.8
21696,Travis Etienne Jr.,JAX,RB,23.0,17.0,12.0,0.0,0.0,0.0,0.0,0.0,220.0,1125.0,5.1,5.0,45.0,35.0,316.0,9.0,0.0,170.1
21593,D'Ernest Johnson,JAX,RB,26.0,15.0,0.0,0.0,0.0,0.0,0.0,0.0,4.0,17.0,4.2,0.0,3.0,3.0,7.0,2.3,0.0,2.4
20884,Foster Moreau,NO,TE,25.0,15.0,14.0,0.0,0.0,0.0,0.0,0.0,0.0,2.0,0.0,0.0,54.0,33.0,420.0,12.7,2.0,52.2
20071,Keith Kirkwood,NO,WR,27.0,5.0,1.0,0.0,0.0,0.0,0.0,0.0,0.0,0.0,0.0,0.0,4.0,2.0,18.0,9.0,0.0,1.8
19815,Christian Kirk,JAX,WR,25.0,17.0,17.0,0.0,1.0,0.0,0.0,0.0,5.0,11.0,2.2,0.0,133.0,84.0,1108.0,13.2,8.0,157.9
19238,Taysom Hill,NO,QB,32.0,16.0,8.0,13.0,19.0,240.0,2.0,0.0,96.0,575.0,6.0,7.0,13.0,9.0,77.0,8.6,2.0,136.8
19044,Jamal Agnew,JAX,WR,27.0,15.0,0.0,0.0,0.0,0.0,0.0,0.0,12.0,86.0,7.2,0.0,30.0,23.0,187.0,8.1,3.0,47.3
18995,Jamaal Williams,NO,RB,27.0,17.0,9.0,0.0,0.0,0.0,0.0,0.0,262.0,1066.0,4.1,17.0,16.0,12.0,73.0,6.1,0.0,213.9
18973,C.J. Beathard,JAX,QB,28.0,4.0,0.0,7.0,11.0,35.0,0.0,1.0,4.0,-4.0,-1.0,0.0,0.0,0.0,0.0,0.0,0.0,-1.0
18926,Zay Jones,JAX,WR,27.0,16.0,15.0,0.0,0.0,0.0,0.0,0.0,4.0,18.0,4.5,0.0,121.0,82.0,823.0,10.0,5.0,116.1
18912,Evan Engram,JAX,TE,28.0,17.0,14.0,0.0,0.0,0.0,0.0,0.0,2.0,13.0,6.5,0.0,98.0,73.0,766.0,10.5,4.0,103.9
18878,Alvin Kamara,NO,RB,27.0,15.0,13.0,0.0,0.0,0.0,0.0,0.0,223.0,897.0,4.0,2.0,77.0,57.0,490.0,8.6,2.0,154.7
18498,J.P. Holtz,NO,TE,29.0,6.0,2.0,0.0,0.0,0.0,0.0,0.0,0.0,0.0,0.0,0.0,0.0,0.0,0.0,0.0,0.0,0.0
17960,Michael Thomas,NO,WR,29.0,3.0,3.0,0.0,0.0,0.0,0.0,0.0,0.0,0.0,0.0,0.0,22.0,16.0,171.0,10.7,3.0,35.1
16762,Jameis Winston,NO,QB,28.0,3.0,3.0,73.0,115.0,858.0,4.0,5.0,5.0,16.0,3.2,0.0,0.0,0.0,0.0,0.0,0.0,43.92
16311,Derek Carr,NO,QB,31.0,15.0,15.0,305.0,502.0,3522.0,24.0,14.0,24.0,102.0,4.2,0.0,0.0,0.0,0.0,0.0,0.0,219.08
8358,Brian Hoyer,LV,QB,37.0,1.0,1.0,5.0,6.0,37.0,0.0,0.0,0.0,0.0,0.0,0.0,0.0,0.0,0.0,0.0,0.0,1.48
3061,Marcedes Lewis,CHI,TE,38.0,17.0,17.0,0.0,0.0,0.0,0.0,0.0,0.0,0.0,0.0,0.0,7.0,6.0,66.0,11.0,2.0,20.6
13741,Brandon Bolden,LV,RB,32.0,16.0,0.0,0.0,0.0,0.0,0.0,0.0,17.0,66.0,3.9,0.0,9.0,9.0,57.0,6.3,1.0,18.3
16041,Jimmy Garoppolo,LV,QB,30.0,11.0,10.0,207.0,308.0,2437.0,16.0,4.0,23.0,33.0,1.4,2.0,0.0,0.0,0.0,0.0,0.0,164.78
16470,Davante Adams,LV,WR,29.0,17.0,17.0,0.0,0.0,0.0,0.0,0.0,3.0,-1.0,-0.3,0.0,180.0,100.0,1516.0,15.2,14.0,235.5
16815,Ameer Abdullah,LV,RB,29.0,17.0,0.0,0.0,0.0,0.0,0.0,0.0,4.0,20.0,5.0,0.0,32.0,25.0,211.0,8.4,1.0,29.1
17218,DeAndre Carter,LV,WR,29.0,17.0,7.0,0.0,0.0,0.0,0.0,0.0,2.0,-15.0,-7.5,0.0,65.0,46.0,538.0,11.7,3.0,66.3
17963,Austin Hooper,LV,TE,27.0,17.0,2.0,0.0,0.0,0.0,0.0,0.0,0.0,0.0,0.0,0.0,60.0,41.0,444.0,10.8,2.0,56.4
18957,D'Onta Foreman,CHI,RB,26.0,17.0,9.0,0.0,0.0,0.0,0.0,0.0,203.0,914.0,4.5,5.0,9.0,5.0,26.0,5.2,0.0,126.0
19029,Nathan Peterman,CHI,QB,28.0,3.0,1.0,14.0,25.0,139.0,1.0,1.0,2.0,7.0,3.5,0.0,0.0,0.0,0.0,0.0,0.0,8.26
19064,Trent Taylor,CHI,WR,28.0,16.0,1.0,0.0,0.0,0.0,0.0,0.0,4.0,15.0,3.8,0.0,10.0,6.0,62.0,10.3,0.0,5.7
19514,Keelan Cole Sr.,LV,WR,29.0,14.0,3.0,0.0,0.0,0.0,0.0,0.0,0.0,0.0,0.0,0.0,21.0,10.0,141.0,14.1,1.0,20.1
19491,Robert Tonyan,CHI,TE,28.0,17.0,3.0,0.0,0.0,0.0,0.0,0.0,0.0,0.0,0.0,0.0,67.0,53.0,470.0,8.9,2.0,59.0
19844,DJ Moore,CHI,WR,25.0,17.0,17.0,0.0,0.0,0.0,0.0,0.0,10.0,53.0,5.3,0.0,118.0,63.0,888.0,14.1,7.0,136.1
20398,Equanimeous St. Brown,CHI,WR,26.0,16.0,16.0,0.0,0.0,0.0,0.0,0.0,6.0,54.0,9.0,0.0,38.0,21.0,323.0,15.4,1.0,43.7
20874,Trace McSorley,CHI,QB,27.0,6.0,1.0,45.0,83.0,412.0,0.0,5.0,15.0,61.0,4.1,0.0,0.0,0.0,0.0,0.0,0.0,8.58
20824,Josh Jacobs,LV,RB,24.0,17.0,17.0,0.0,0.0,0.0,0.0,0.0,340.0,1653.0,4.9,12.0,64.0,53.0,400.0,7.5,0.0,275.3
20810,Travis Homer,CHI,RB,24.0,10.0,1.0,0.0,0.0,0.0,0.0,0.0,19.0,74.0,3.9,0.0,18.0,16.0,157.0,9.8,1.0,27.1
20812,Jesper Horsted,LV,TE,25.0,15.0,0.0,0.0,0.0,0.0,0.0,0.0,0.0,0.0,0.0,0.0,4.0,3.0,19.0,6.3,0.0,1.9
20876,Jakobi Meyers,LV,WR,25.0,14.0,13.0,0.0,0.0,0.0,0.0,0.0,2.0,-11.0,-5.5,0.0,96.0,67.0,804.0,12.0,6.0,113.3
20924,Hunter Renfrow,LV,WR,26.0,10.0,1.0,0.0,0.0,0.0,0.0,0.0,0.0,0.0,0.0,0.0,50.0,36.0,330.0,9.2,2.0,43.0
21295,Nsimba Webster,CHI,WR,26.0,2.0,0.0,0.0,0.0,0.0,0.0,0.0,0.0,0.0,0.0,0.0,3.0,2.0,14.0,7.0,0.0,1.4
21796,Noah Togiai,LV,TE,25.0,2.0,0.0,0.0,0.0,0.0,0.0,0.0,0.0,0.0,0.0,0.0,1.0,0.0,0.0,0.0,0.0,0.0
21772,Cole Kmet,CHI,TE,23.0,17.0,17.0,0.0,0.0,0.0,0.0,0.0,2.0,9.0,4.5,0.0,69.0,50.0,544.0,10.9,7.0,97.3
21845,Darrynton Evans,CHI,RB,24.0,6.0,0.0,0.0,0.0,0.0,0.0,0.0,14.0,64.0,4.6,0.0,1.0,1.0,33.0,33.0,0.0,9.7
21961,Darnell Mooney,CHI,WR,24.0,12.0,12.0,0.0,0.0,0.0,0.0,0.0,1.0,2.0,2.0,0.0,61.0,40.0,493.0,12.3,2.0,61.5
22492,Justin Fields,CHI,QB,23.0,15.0,15.0,192.0,318.0,2242.0,17.0,11.0,160.0,1143.0,7.1,8.0,0.0,0.0,0.0,0.0,0.0,295.98
22563,Khalil Herbert,CHI,RB,24.0,13.0,1.0,0.0,0.0,0.0,0.0,0.0,129.0,731.0,5.7,4.0,12.0,9.0,57.0,6.3,1.0,108.8
22539,Zamir White,LV,RB,23.0,14.0,0.0,0.0,0.0,0.0,0.0,0.0,17.0,70.0,4.1,0.0,0.0,0.0,0.0,0.0,0.0,7.0
22644,DJ Turner,LV,WR,25.0,9.0,0.0,0.0,0.0,0.0,0.0,0.0,4.0,26.0,6.5,0.0,1.0,0.0,0.0,0.0,0.0,2.6
23481,Velus Jones Jr.,CHI,WR,25.0,12.0,2.0,0.0,0.0,0.0,0.0,0.0,9.0,103.0,11.4,1.0,14.0,7.0,107.0,15.3,1.0,27.0
23632,Brittain Brown,LV,RB,25.0,6.0,0.0,0.0,0.0,0.0,0.0,0.0,0.0,0.0,0.0,0.0,0.0,0.0,0.0,0.0,0.0,0.0
23838,Daylen Baldwin,CLE,WR,22.0,1.0,0.0,0.0,0.0,0.0,0.0,0.0,0.0,0.0,0.0,0.0,2.0,2.0,25.0,12.5,0.0,2.5
23490,Jelani Woods,IND,TE,24.0,15.0,2.0,0.0,0.0,0.0,0.0,0.0,0.0,0.0,0.0,0.0,40.0,25.0,312.0,12.5,3.0,49.2
23468,Michael Woods II,CLE,WR,22.0,11.0,0.0,0.0,0.0,0.0,0.0,0.0,1.0,-5.0,-5.0,0.0,10.0,5.0,45.0,9.0,0.0,4.0
23341,Tyler Goodson,IND,RB,21.0,0.0,0.0,0.0,0.0,0.0,0.0,0.0,0.0,0.0,0.0,0.0,0.0,0.0,0.0,0.0,0.0,0.0
23232,Alec Pierce,IND,WR,22.0,16.0,12.0,0.0,0.0,0.0,0.0,0.0,0.0,0.0,0.0,0.0,78.0,41.0,593.0,14.5,2.0,71.3
23218,Pierre Strong Jr.,CLE,RB,23.0,15.0,0.0,0.0,0.0,0.0,0.0,0.0,10.0,100.0,10.0,1.0,7.0,7.0,42.0,6.0,0.0,20.2
23205,Jerome Ford,CLE,RB,23.0,13.0,0.0,0.0,0.0,0.0,0.0,0.0,8.0,12.0,1.5,0.0,0.0,0.0,0.0,0.0,0.0,1.2
23148,David Bell,CLE,WR,21.0,16.0,3.0,0.0,0.0,0.0,0.0,0.0,0.0,0.0,0.0,0.0,35.0,24.0,214.0,8.9,0.0,21.4
22823,Kylen Granson,IND,TE,24.0,13.0,4.0,0.0,0.0,0.0,0.0,0.0,1.0,0.0,0.0,0.0,40.0,31.0,302.0,9.7,0.0,30.2
22674,Deon Jackson,CLE,RB,23.0,16.0,2.0,0.0,0.0,0.0,0.0,0.0,68.0,236.0,3.5,1.0,34.0,30.0,209.0,7.0,1.0,54.5
22592,Elijah Moore,CLE,WR,22.0,16.0,9.0,0.0,0.0,0.0,0.0,0.0,5.0,5.0,1.0,0.0,65.0,37.0,446.0,12.1,1.0,51.1
22596,Jaelon Darden,CLE,WR,23.0,14.0,0.0,0.0,0.0,0.0,0.0,0.0,1.0,2.0,2.0,0.0,2.0,2.0,26.0,13.0,0.0,2.8
22575,Amari Rodgers,IND,WR,23.0,16.0,1.0,0.0,0.0,0.0,0.0,0.0,2.0,7.0,3.5,0.0,25.0,16.0,204.0,12.8,1.0,23.1
21817,Kellen Mond,IND,QB,23.0,0.0,0.0,0.0,0.0,0.0,0.0,0.0,0.0,0.0,0.0,0.0,0.0,0.0,0.0,0.0,0.0,0.0
21815,Sam Ehlinger,IND,QB,24.0,4.0,3.0,64.0,101.0,573.0,3.0,3.0,17.0,87.0,5.1,0.0,0.0,0.0,0.0,0.0,0.0,35.62
21801,Trey Sermon,IND,RB,23.0,2.0,0.0,0.0,0.0,0.0,0.0,0.0,2.0,19.0,9.5,0.0,0.0,0.0,0.0,0.0,0.0,1.9
21771,Devin Asiasi,CLE,TE,25.0,12.0,0.0,0.0,0.0,0.0,0.0,0.0,0.0,0.0,0.0,0.0,4.0,2.0,5.0,2.5,0.0,0.5
21783,Harrison Bryant,CLE,TE,24.0,17.0,9.0,0.0,0.0,0.0,0.0,0.0,1.0,8.0,8.0,0.0,42.0,31.0,239.0,7.7,1.0,30.7
21784,Zack Moss,IND,RB,24.0,13.0,3.0,0.0,0.0,0.0,0.0,0.0,93.0,456.0,4.9,1.0,13.0,11.0,39.0,3.5,0.0,53.5
21737,Tyrie Cleveland,IND,WR,25.0,6.0,0.0,0.0,0.0,0.0,0.0,0.0,0.0,0.0,0.0,0.0,7.0,2.0,28.0,14.0,0.0,2.8
21744,Michael Pittman Jr.,IND,WR,25.0,16.0,16.0,0.0,0.0,0.0,0.0,0.0,3.0,30.0,10.0,0.0,141.0,99.0,925.0,9.3,4.0,117.5
21759,KJ Hamler,IND,WR,23.0,7.0,0.0,0.0,0.0,0.0,0.0,0.0,2.0,23.0,11.5,0.0,14.0,7.0,165.0,23.6,0.0,18.8
21754,Donovan Peoples-Jones,CLE,WR,23.0,17.0,14.0,0.0,0.0,0.0,0.0,0.0,1.0,2.0,2.0,0.0,96.0,61.0,839.0,13.8,3.0,100.1
21682,Jonathan Taylor,IND,RB,23.0,11.0,11.0,0.0,0.0,0.0,0.0,0.0,192.0,861.0,4.5,4.0,40.0,28.0,143.0,5.1,0.0,118.4
21349,Ashton Dulin,IND,WR,25.0,12.0,2.0,0.0,0.0,0.0,0.0,0.0,2.0,8.0,4.0,0.0,22.0,15.0,207.0,13.8,1.0,27.5
21115,Juwann Winfree,IND,WR,26.0,3.0,0.0,0.0,0.0,0.0,0.0,0.0,0.0,0.0,0.0,0.0,4.0,1.0,17.0,17.0,0.0,1.7
20880,Gardner Minshew,IND,QB,26.0,5.0,2.0,44.0,76.0,663.0,3.0,3.0,7.0,3.0,0.4,1.0,0.0,0.0,0.0,0.0,0.0,36.82
19903,Jordan Akins,CLE,TE,30.0,15.0,3.0,0.0,0.0,0.0,0.0,0.0,0.0,0.0,0.0,0.0,54.0,37.0,495.0,13.4,5.0,79.5
19798,Nick Chubb,CLE,RB,26.0,17.0,17.0,0.0,0.0,0.0,0.0,0.0,302.0,1525.0,5.0,12.0,37.0,27.0,239.0,8.9,1.0,254.4
19191,P.J. Walker,CLE,QB,27.0,6.0,5.0,63.0,106.0,731.0,3.0,3.0,6.0,39.0,6.5,0.0,0.0,0.0,0.0,0.0,0.0,39.14
19043,Isaiah McKenzie,IND,WR,27.0,15.0,8.0,0.0,0.0,0.0,0.0,0.0,9.0,55.0,6.1,1.0,65.0,42.0,423.0,10.1,4.0,77.8
18944,Kareem Hunt,CLE,RB,27.0,17.0,0.0,0.0,0.0,0.0,0.0,0.0,123.0,468.0,3.8,3.0,44.0,35.0,210.0,6.0,1.0,91.8
18876,David Njoku,CLE,TE,26.0,14.0,14.0,0.0,0.0,0.0,0.0,0.0,2.0,-8.0,-4.0,0.0,80.0,58.0,628.0,10.8,4.0,84.0
18857,Deshaun Watson,CLE,QB,27.0,6.0,6.0,99.0,170.0,1102.0,7.0,5.0,36.0,175.0,4.9,1.0,0.0,0.0,0.0,0.0,0.0,85.58
18900,Mo Alie-Cox,IND,TE,29.0,17.0,11.0,0.0,0.0,0.0,0.0,0.0,0.0,0.0,0.0,0.0,28.0,19.0,189.0,9.9,3.0,34.9
16765,Amari Cooper,CLE,WR,28.0,17.0,17.0,0.0,1.0,0.0,0.0,1.0,0.0,0.0,0.0,0.0,132.0,78.0,1160.0,14.9,9.0,168.0
14865,Marquise Goodwin,CLE,WR,31.0,13.0,2.0,0.0,0.0,0.0,0.0,0.0,2.0,5.0,2.5,0.0,42.0,27.0,387.0,14.3,4.0,63.2
7651,Matthew Slater,NE,WR,37.0,17.0,0.0,0.0,0.0,0.0,0.0,0.0,0.0,0.0,0.0,0.0,0.0,0.0,0.0,0.0,0.0,0.0
15071,Latavius Murray,BUF,RB,32.0,13.0,7.0,0.0,0.0,0.0,0.0,0.0,171.0,760.0,4.4,6.0,35.0,27.0,132.0,4.9,0.0,127.2
16775,DeVante Parker,NE,WR,29.0,13.0,11.0,0.0,0.0,0.0,0.0,0.0,0.0,0.0,0.0,0.0,47.0,31.0,539.0,17.4,3.0,71.9
16855,Ty Montgomery II,NE,WR,29.0,1.0,0.0,0.0,0.0,0.0,0.0,0.0,2.0,-2.0,-1.0,0.0,4.0,3.0,15.0,5.0,1.0,7.3
16906,Stefon Diggs,BUF,WR,28.0,16.0,16.0,0.0,0.0,0.0,0.0,0.0,1.0,-3.0,-3.0,0.0,154.0,108.0,1429.0,13.2,11.0,208.6
17923,Ezekiel Elliott,NE,RB,27.0,15.0,14.0,0.0,0.0,0.0,0.0,0.0,231.0,876.0,3.8,12.0,23.0,17.0,92.0,5.4,0.0,168.8
17975,Hunter Henry,NE,TE,27.0,17.0,14.0,0.0,0.0,0.0,0.0,0.0,0.0,0.0,0.0,0.0,59.0,41.0,509.0,12.4,2.0,62.9
18883,JuJu Smith-Schuster,NE,WR,25.0,16.0,14.0,0.0,0.0,0.0,0.0,0.0,0.0,0.0,0.0,0.0,101.0,78.0,933.0,12.0,3.0,107.3
19318,Kendrick Bourne,NE,WR,27.0,16.0,2.0,0.0,0.0,0.0,0.0,0.0,6.0,39.0,6.5,0.0,48.0,35.0,434.0,12.4,1.0,53.3
19304,Pharaoh Brown,NE,TE,28.0,16.0,8.0,0.0,0.0,0.0,0.0,0.0,0.0,0.0,0.0,0.0,20.0,12.0,117.0,9.8,0.0,11.7
19801,Josh Allen,BUF,QB,26.0,16.0,16.0,359.0,567.0,4283.0,35.0,14.0,124.0,762.0,6.1,7.0,0.0,0.0,0.0,0.0,0.0,395.52
19853,Mike Gesicki,NE,TE,27.0,17.0,1.0,0.0,0.0,0.0,0.0,0.0,0.0,0.0,0.0,0.0,52.0,32.0,362.0,11.3,5.0,66.2
19912,Nyheim Hines,BUF,RB,25.0,16.0,5.0,0.0,0.0,0.0,0.0,0.0,24.0,33.0,1.4,1.0,37.0,30.0,241.0,8.0,1.0,39.4
20053,Kyle Allen,BUF,QB,26.0,2.0,2.0,46.0,78.0,416.0,2.0,4.0,6.0,13.0,2.2,0.0,0.0,0.0,0.0,0.0,0.0,15.94
20081,Trent Sherfield,BUF,WR,26.0,17.0,4.0,0.0,0.0,0.0,0.0,0.0,0.0,0.0,0.0,0.0,51.0,30.0,417.0,13.9,2.0,53.7
20837,Ty Johnson,BUF,RB,25.0,17.0,1.0,0.0,0.0,0.0,0.0,0.0,30.0,160.0,5.3,1.0,24.0,12.0,88.0,7.3,0.0,30.8
20850,Dawson Knox,BUF,TE,25.0,15.0,15.0,0.0,0.0,0.0,0.0,0.0,0.0,0.0,0.0,0.0,65.0,48.0,517.0,10.8,6.0,87.7
20820,Andy Isabella,BUF,WR,25.0,5.0,0.0,0.0,0.0,0.0,0.0,0.0,1.0,1.0,1.0,0.0,5.0,2.0,21.0,10.5,0.0,2.2
20779,Will Grier,NE,QB,27.0,0.0,0.0,0.0,0.0,0.0,0.0,0.0,0.0,0.0,0.0,0.0,0.0,0.0,0.0,0.0,0.0,0.0
20790,Damien Harris,BUF,RB,25.0,13.0,9.0,0.0,0.0,0.0,0.0,0.0,106.0,462.0,4.4,3.0,23.0,17.0,97.0,5.7,0.0,73.9
21163,Deonte Harty,BUF,WR,24.0,4.0,0.0,0.0,0.0,0.0,0.0,0.0,0.0,0.0,0.0,0.0,2.0,2.0,13.0,6.5,0.0,-0.7
21158,Matt Sokol,NE,TE,26.0,3.0,0.0,0.0,0.0,0.0,0.0,0.0,0.0,0.0,0.0,0.0,0.0,0.0,0.0,0.0,0.0,0.0
21686,Jalen Reagor,NE,WR,23.0,17.0,0.0,0.0,0.0,0.0,0.0,0.0,4.0,25.0,6.2,0.0,13.0,8.0,104.0,13.0,1.0,18.9
21735,Gabe Davis,BUF,WR,23.0,15.0,15.0,0.0,0.0,0.0,0.0,0.0,0.0,0.0,0.0,0.0,93.0,48.0,836.0,17.4,7.0,123.6
21818,Shane Buechele,BUF,QB,24.0,0.0,0.0,0.0,0.0,0.0,0.0,0.0,0.0,0.0,0.0,0.0,0.0,0.0,0.0,0.0,0.0,0.0
22546,Rhamondre Stevenson,NE,RB,24.0,17.0,7.0,0.0,0.0,0.0,0.0,0.0,210.0,1040.0,5.0,5.0,88.0,69.0,421.0,6.1,1.0,180.1
22496,Mac Jones,NE,QB,24.0,14.0,14.0,288.0,442.0,2997.0,14.0,11.0,47.0,102.0,2.2,1.0,0.0,0.0,0.0,0.0,0.0,170.08
22511,Quintin Morris,BUF,TE,23.0,14.0,1.0,0.0,0.0,0.0,0.0,0.0,0.0,0.0,0.0,0.0,11.0,8.0,84.0,10.5,1.0,12.4
23247,James Cook,BUF,RB,23.0,16.0,0.0,0.0,0.0,0.0,0.0,0.0,89.0,507.0,5.7,2.0,32.0,21.0,180.0,8.6,1.0,84.7
23267,Bailey Zappe,NE,QB,23.0,4.0,2.0,65.0,92.0,781.0,5.0,3.0,10.0,0.0,0.0,0.0,1.0,1.0,-6.0,-6.0,0.0,38.64
23227,Khalil Shakir,BUF,WR,22.0,14.0,2.0,0.0,0.0,0.0,0.0,0.0,0.0,0.0,0.0,0.0,20.0,10.0,161.0,16.1,1.0,24.1
23345,Kevin Harris,NE,RB,21.0,5.0,1.0,0.0,0.0,0.0,0.0,0.0,18.0,52.0,2.9,1.0,0.0,0.0,0.0,0.0,0.0,11.2
23469,Tyquan Thornton,NE,WR,22.0,13.0,9.0,0.0,0.0,0.0,0.0,0.0,3.0,16.0,5.3,1.0,45.0,22.0,247.0,11.2,2.0,44.3
23725,Dennis Houston,NYG,WR,23.0,2.0,0.0,0.0,0.0,0.0,0.0,0.0,0.0,0.0,0.0,0.0,6.0,2.0,16.0,8.0,0.0,1.6
23867,Armani Rogers,WAS,TE,24.0,11.0,3.0,0.0,0.0,0.0,0.0,0.0,2.0,26.0,13.0,0.0,6.0,5.0,64.0,12.8,0.0,9.0
23485,Daniel Bellinger,NYG,TE,22.0,12.0,11.0,0.0,0.0,0.0,0.0,0.0,1.0,2.0,2.0,1.0,35.0,30.0,268.0,8.9,2.0,45.0
23190,Brian Robinson Jr.,WAS,RB,23.0,12.0,9.0,0.0,0.0,0.0,0.0,0.0,205.0,797.0,3.9,2.0,12.0,9.0,60.0,6.7,1.0,103.7
23185,Sam Howell,WAS,QB,22.0,1.0,1.0,11.0,19.0,169.0,1.0,1.0,5.0,35.0,7.0,1.0,0.0,0.0,0.0,0.0,0.0,18.26
23170,Wan'Dale Robinson,NYG,WR,21.0,6.0,3.0,0.0,0.0,0.0,0.0,0.0,2.0,-1.0,-0.5,0.0,31.0,23.0,227.0,9.9,1.0,28.6
23155,Jahan Dotson,WAS,WR,22.0,12.0,10.0,0.0,0.0,0.0,0.0,0.0,2.0,-7.0,-3.5,0.0,61.0,35.0,523.0,14.9,7.0,95.6
22686,Dyami Brown,WAS,WR,22.0,15.0,0.0,0.0,0.0,0.0,0.0,0.0,1.0,15.0,15.0,0.0,14.0,5.0,143.0,28.6,2.0,27.8
22515,Cole Turner,WAS,TE,22.0,10.0,2.0,0.0,0.0,0.0,0.0,0.0,0.0,0.0,0.0,0.0,9.0,2.0,23.0,11.5,0.0,2.3
22672,Gary Brightwell,NYG,RB,23.0,17.0,0.0,0.0,0.0,0.0,0.0,0.0,31.0,141.0,4.5,1.0,8.0,5.0,39.0,7.8,0.0,24.0
22657,John Bates,WAS,TE,24.0,16.0,7.0,0.0,0.0,0.0,0.0,0.0,0.0,0.0,0.0,0.0,22.0,14.0,108.0,7.7,1.0,16.8
22572,Dax Milne,WAS,WR,23.0,15.0,1.0,0.0,0.0,0.0,0.0,0.0,0.0,0.0,0.0,0.0,7.0,6.0,37.0,6.2,1.0,9.7
21861,Antonio Gibson,WAS,RB,24.0,15.0,6.0,0.0,0.0,0.0,0.0,0.0,149.0,546.0,3.7,3.0,58.0,46.0,353.0,7.7,2.0,119.9
21728,Lawrence Cager,NYG,TE,25.0,7.0,4.0,0.0,0.0,0.0,0.0,0.0,0.0,0.0,0.0,0.0,19.0,13.0,118.0,9.1,1.0,17.8
21760,Isaiah Hodgins,NYG,WR,24.0,10.0,5.0,0.0,0.0,0.0,0.0,0.0,0.0,0.0,0.0,0.0,48.0,37.0,392.0,10.6,4.0,63.2
21005,Parris Campbell,NYG,WR,25.0,17.0,16.0,0.0,0.0,0.0,0.0,0.0,5.0,58.0,11.6,0.0,91.0,63.0,623.0,9.9,3.0,86.1
20957,Tommy Sweeney,NYG,TE,27.0,5.0,0.0,0.0,0.0,0.0,0.0,0.0,0.0,0.0,0.0,0.0,1.0,1.0,7.0,7.0,0.0,0.7
20943,Darius Slayton,NYG,WR,25.0,16.0,11.0,0.0,0.0,0.0,0.0,0.0,0.0,0.0,0.0,0.0,71.0,46.0,724.0,15.7,2.0,82.4
20841,Daniel Jones,NYG,QB,25.0,16.0,16.0,317.0,472.0,3205.0,15.0,5.0,120.0,708.0,5.9,7.0,0.0,0.0,0.0,0.0,0.0,289.0
20873,Terry McLaurin,WAS,WR,27.0,17.0,17.0,0.0,0.0,0.0,0.0,0.0,7.0,29.0,4.1,0.0,120.0,77.0,1191.0,15.5,5.0,152.0
20823,Tyree Jackson,NYG,TE,24.0,5.0,0.0,0.0,0.0,0.0,0.0,0.0,0.0,0.0,0.0,0.0,0.0,0.0,0.0,0.0,0.0,0.0
20150,Byron Pringle,WAS,WR,28.0,11.0,4.0,0.0,0.0,0.0,0.0,0.0,0.0,0.0,0.0,0.0,16.0,10.0,135.0,13.5,2.0,25.5
19766,Saquon Barkley,NYG,RB,25.0,16.0,16.0,0.0,0.0,0.0,0.0,0.0,295.0,1312.0,4.4,10.0,76.0,57.0,338.0,5.9,0.0,227.0
19319,Matt Breida,NYG,RB,27.0,17.0,1.0,0.0,0.0,0.0,0.0,0.0,54.0,220.0,4.1,1.0,25.0,20.0,118.0,5.9,0.0,39.8
19072,Alex Armah,WAS,RB,28.0,3.0,0.0,0.0,0.0,0.0,0.0,0.0,0.0,0.0,0.0,0.0,0.0,0.0,0.0,0.0,0.0,0.0
18928,Curtis Samuel,WAS,WR,26.0,17.0,12.0,0.0,0.0,0.0,0.0,0.0,38.0,187.0,4.9,1.0,92.0,64.0,656.0,10.2,4.0,112.3
18018,Jacoby Brissett,WAS,QB,29.0,16.0,11.0,236.0,369.0,2608.0,12.0,6.0,49.0,243.0,5.0,2.0,0.0,0.0,0.0,0.0,0.0,168.62
17961,Sterling Shepard,NYG,WR,29.0,3.0,2.0,0.0,0.0,0.0,0.0,0.0,0.0,0.0,0.0,0.0,24.0,13.0,154.0,11.8,1.0,21.4
16964,Darren Waller,NYG,TE,30.0,9.0,6.0,0.0,0.0,0.0,0.0,0.0,0.0,0.0,0.0,0.0,43.0,28.0,388.0,13.9,3.0,56.8
16866,Jamison Crowder,WAS,WR,29.0,4.0,0.0,0.0,0.0,0.0,0.0,0.0,0.0,0.0,0.0,0.0,13.0,6.0,60.0,10.0,0.0,6.0
16656,Logan Thomas,WAS,TE,31.0,14.0,13.0,0.0,0.0,0.0,0.0,0.0,0.0,0.0,0.0,0.0,61.0,39.0,323.0,8.3,1.0,38.3
12831,Tyrod Taylor,NYG,QB,33.0,3.0,0.0,6.0,8.0,58.0,1.0,1.0,5.0,70.0,14.0,0.0,0.0,0.0,0.0,0.0,0.0,11.32
14141,Cole Beasley,NYG,WR,33.0,4.0,1.0,0.0,0.0,0.0,0.0,0.0,0.0,0.0,0.0,0.0,7.0,6.0,35.0,5.8,0.0,3.5
15150,Cordarrelle Patterson,ATL,RB,31.0,13.0,11.0,0.0,0.0,0.0,0.0,0.0,144.0,695.0,4.8,8.0,31.0,21.0,122.0,5.8,0.0,127.7
16597,Mike Evans,TB,WR,29.0,15.0,15.0,0.0,0.0,0.0,0.0,0.0,0.0,0.0,0.0,0.0,127.0,77.0,1124.0,14.6,6.0,148.4
16903,MyCole Pruitt,ATL,TE,30.0,13.0,4.0,0.0,0.0,0.0,0.0,0.0,0.0,0.0,0.0,0.0,21.0,16.0,150.0,9.4,4.0,39.0
17179,Taylor Heinicke,ATL,QB,29.0,9.0,9.0,161.0,259.0,1859.0,12.0,6.0,28.0,96.0,3.4,1.0,0.0,0.0,0.0,0.0,0.0,115.96
18880,Chris Godwin,TB,WR,26.0,15.0,13.0,0.0,0.0,0.0,0.0,0.0,3.0,5.0,1.7,0.0,142.0,104.0,1023.0,9.8,3.0,118.8
18990,Jonnu Smith,ATL,TE,27.0,14.0,8.0,0.0,0.0,0.0,0.0,0.0,1.0,5.0,5.0,0.0,38.0,27.0,245.0,9.1,0.0,25.0
19023,Mack Hollins,ATL,WR,29.0,17.0,16.0,1.0,1.0,4.0,0.0,0.0,4.0,40.0,10.0,0.0,94.0,57.0,690.0,12.1,4.0,97.16
19790,Baker Mayfield,TB,QB,27.0,12.0,10.0,201.0,335.0,2163.0,10.0,8.0,31.0,89.0,2.9,1.0,0.0,0.0,0.0,0.0,0.0,121.42
19919,Chase Edmonds,TB,RB,26.0,13.0,3.0,0.0,0.0,0.0,0.0,0.0,68.0,245.0,3.6,2.0,24.0,16.0,157.0,9.8,1.0,58.2
20006,Russell Gage,TB,WR,26.0,13.0,4.0,0.0,0.0,0.0,0.0,0.0,0.0,0.0,0.0,0.0,70.0,51.0,426.0,8.4,5.0,72.6
20055,Logan Woodside,ATL,QB,27.0,1.0,0.0,0.0,0.0,0.0,0.0,0.0,0.0,0.0,0.0,0.0,0.0,0.0,0.0,0.0,0.0,0.0
20679,KhaDarel Hodge,ATL,WR,27.0,17.0,1.0,0.0,0.0,0.0,0.0,0.0,0.0,0.0,0.0,0.0,20.0,13.0,202.0,15.5,1.0,28.2
20703,John Wolford,TB,QB,27.0,3.0,3.0,38.0,62.0,390.0,1.0,3.0,8.0,32.0,4.0,0.0,0.0,0.0,0.0,0.0,0.0,14.8
21138,Scotty Miller,ATL,WR,25.0,15.0,1.0,0.0,0.0,0.0,0.0,0.0,1.0,8.0,8.0,0.0,40.0,23.0,185.0,8.0,0.0,19.3
21739,Van Jefferson,ATL,WR,26.0,11.0,9.0,0.0,0.0,0.0,0.0,0.0,0.0,0.0,0.0,0.0,44.0,24.0,369.0,15.4,3.0,54.9
21788,Ke'Shawn Vaughn,TB,RB,25.0,15.0,0.0,0.0,0.0,0.0,0.0,0.0,17.0,53.0,3.1,0.0,4.0,3.0,19.0,6.3,0.0,7.2
22594,Frank Darby,ATL,WR,25.0,5.0,0.0,0.0,0.0,0.0,0.0,0.0,0.0,0.0,0.0,0.0,1.0,1.0,15.0,15.0,0.0,1.5
22494,Kyle Trask,TB,QB,24.0,1.0,0.0,3.0,9.0,23.0,0.0,0.0,0.0,0.0,0.0,0.0,0.0,0.0,0.0,0.0,0.0,0.92
22502,Desmond Ridder,ATL,QB,23.0,4.0,4.0,73.0,115.0,708.0,2.0,0.0,16.0,64.0,4.0,0.0,0.0,0.0,0.0,0.0,0.0,38.72
22508,Kyle Pitts,ATL,TE,22.0,10.0,10.0,0.0,0.0,0.0,0.0,0.0,0.0,0.0,0.0,0.0,59.0,28.0,356.0,12.7,2.0,47.6
22498,Feleipe Franks,ATL,TE,24.0,11.0,1.0,0.0,0.0,0.0,0.0,0.0,1.0,0.0,0.0,0.0,2.0,0.0,0.0,0.0,0.0,0.0
22925,Avery Williams,ATL,RB,24.0,17.0,3.0,0.0,0.0,0.0,0.0,0.0,22.0,109.0,5.0,1.0,14.0,13.0,61.0,4.7,0.0,21.0
23250,Tyler Allgeier,ATL,RB,22.0,16.0,7.0,0.0,0.0,0.0,0.0,0.0,210.0,1035.0,4.9,3.0,17.0,16.0,139.0,8.7,1.0,143.4
23151,Drake London,ATL,WR,21.0,17.0,15.0,0.0,0.0,0.0,0.0,0.0,0.0,0.0,0.0,0.0,117.0,72.0,866.0,12.0,4.0,106.6
23134,Cade Otton,TB,TE,23.0,16.0,11.0,0.0,0.0,0.0,0.0,0.0,0.0,0.0,0.0,0.0,65.0,42.0,391.0,9.3,2.0,51.1
23101,Parker Hesse,ATL,TE,27.0,17.0,7.0,0.0,0.0,0.0,0.0,0.0,0.0,0.0,0.0,0.0,11.0,9.0,89.0,9.9,0.0,8.9
23217,Rachaad White,TB,RB,23.0,17.0,8.0,0.0,0.0,0.0,0.0,0.0,129.0,481.0,3.7,1.0,58.0,50.0,290.0,5.8,2.0,89.1
23618,Ko Kieft,TB,TE,24.0,17.0,12.0,0.0,0.0,0.0,0.0,0.0,0.0,0.0,0.0,0.0,10.0,7.0,80.0,11.4,1.0,14.0
23746,Deven Thompkins,TB,WR,22.0,5.0,1.0,0.0,0.0,0.0,0.0,0.0,2.0,26.0,13.0,0.0,10.0,5.0,32.0,6.4,0.0,5.8
24076,Josh Ali,ATL,WR,23.0,1.0,0.0,0.0,0.0,0.0,0.0,0.0,0.0,0.0,0.0,0.0,1.0,0.0,0.0,0.0,0.0,0.0
24073,Maurice Alexander,DET,WR,25.0,4.0,0.0,0.0,0.0,0.0,0.0,0.0,0.0,0.0,0.0,0.0,1.0,1.0,7.0,7.0,0.0,0.7
23847,Zonovan Knight,DET,RB,21.0,7.0,4.0,0.0,0.0,0.0,0.0,0.0,85.0,300.0,3.5,1.0,14.0,13.0,100.0,7.7,0.0,46.0
23135,Charlie Kolar,BAL,TE,23.0,2.0,0.0,0.0,0.0,0.0,0.0,0.0,0.0,0.0,0.0,0.0,6.0,4.0,49.0,12.2,0.0,4.9
23234,Jameson Williams,DET,WR,21.0,6.0,0.0,0.0,0.0,0.0,0.0,0.0,1.0,40.0,40.0,0.0,9.0,1.0,41.0,41.0,1.0,14.1
23256,Isaiah Likely,BAL,TE,22.0,16.0,2.0,0.0,0.0,0.0,0.0,0.0,0.0,0.0,0.0,0.0,60.0,36.0,373.0,10.4,3.0,55.3
23084,Shane Zylstra,DET,TE,25.0,13.0,2.0,0.0,0.0,0.0,0.0,0.0,0.0,0.0,0.0,0.0,15.0,11.0,60.0,5.5,4.0,30.0
23010,Brock Wright,DET,TE,23.0,17.0,10.0,0.0,0.0,0.0,0.0,0.0,0.0,0.0,0.0,0.0,24.0,18.0,216.0,12.0,4.0,45.6
22524,James Mitchell,DET,TE,22.0,14.0,0.0,0.0,0.0,0.0,0.0,0.0,0.0,0.0,0.0,0.0,11.0,11.0,113.0,10.3,1.0,17.3
22587,Amon-Ra St. Brown,DET,WR,23.0,16.0,16.0,0.0,0.0,0.0,0.0,0.0,9.0,95.0,10.6,0.0,146.0,106.0,1161.0,11.0,6.0,161.6
22623,Rashod Bateman,BAL,WR,22.0,6.0,5.0,0.0,0.0,0.0,0.0,0.0,0.0,0.0,0.0,0.0,28.0,15.0,285.0,19.0,2.0,38.5
22604,Tylan Wallace,BAL,WR,23.0,9.0,0.0,0.0,0.0,0.0,0.0,0.0,0.0,0.0,0.0,0.0,7.0,4.0,33.0,8.2,0.0,3.3
21810,Tyler Huntley,BAL,QB,24.0,6.0,4.0,75.0,112.0,658.0,2.0,3.0,43.0,137.0,3.2,1.0,0.0,0.0,0.0,0.0,0.0,50.02
21721,Devin Duvernay,BAL,WR,25.0,14.0,13.0,0.0,0.0,0.0,0.0,0.0,12.0,84.0,7.0,1.0,49.0,37.0,407.0,11.0,3.0,73.1
21674,J.K. Dobbins,BAL,RB,23.0,8.0,8.0,0.0,0.0,0.0,0.0,0.0,92.0,520.0,5.7,2.0,8.0,7.0,42.0,6.0,1.0,74.2
21564,Craig Reynolds,DET,RB,26.0,9.0,0.0,0.0,0.0,0.0,0.0,0.0,23.0,102.0,4.4,0.0,10.0,9.0,116.0,12.9,0.0,21.8
21277,David Blough,DET,QB,27.0,2.0,2.0,38.0,58.0,402.0,2.0,2.0,4.0,5.0,1.2,0.0,0.0,0.0,0.0,0.0,0.0,18.58
20904,Devine Ozigbo,DET,RB,26.0,4.0,0.0,0.0,0.0,0.0,0.0,0.0,3.0,4.0,1.3,0.0,1.0,1.0,3.0,3.0,0.0,0.7
20802,Justice Hill,BAL,RB,24.0,15.0,0.0,0.0,0.0,0.0,0.0,0.0,49.0,262.0,5.3,0.0,12.0,12.0,58.0,4.8,0.0,30.0
20882,David Montgomery,DET,RB,25.0,16.0,16.0,0.0,0.0,0.0,0.0,0.0,201.0,801.0,4.0,5.0,40.0,34.0,316.0,9.3,1.0,143.7
20239,Gus Edwards,BAL,RB,27.0,9.0,4.0,0.0,0.0,0.0,0.0,0.0,87.0,433.0,5.0,3.0,2.0,0.0,0.0,0.0,0.0,59.3
19981,Daurice Fountain,DET,WR,26.0,0.0,0.0,0.0,0.0,0.0,0.0,0.0,0.0,0.0,0.0,0.0,0.0,0.0,0.0,0.0,0.0,0.0
19781,Lamar Jackson,BAL,QB,25.0,12.0,12.0,203.0,326.0,2242.0,17.0,7.0,112.0,764.0,6.8,3.0,0.0,0.0,0.0,0.0,0.0,236.08
19803,Mark Andrews,BAL,TE,27.0,15.0,15.0,0.0,0.0,0.0,0.0,0.0,3.0,8.0,2.7,0.0,113.0,73.0,847.0,11.6,5.0,117.5
19296,Anthony Firkser,DET,TE,27.0,11.0,1.0,0.0,0.0,0.0,0.0,0.0,0.0,0.0,0.0,0.0,13.0,9.0,100.0,11.1,0.0,10.0
19017,Josh Reynolds,DET,WR,27.0,14.0,11.0,0.0,0.0,0.0,0.0,0.0,0.0,0.0,0.0,0.0,59.0,38.0,479.0,12.6,3.0,65.9
18422,Kalif Raymond,DET,WR,28.0,17.0,7.0,0.0,0.0,0.0,0.0,0.0,7.0,36.0,5.1,0.0,64.0,47.0,616.0,13.1,0.0,63.2
18104,Nate Sudfeld,DET,QB,29.0,2.0,0.0,0.0,0.0,0.0,0.0,0.0,5.0,-4.0,-0.8,0.0,0.0,0.0,0.0,0.0,0.0,-0.4
17223,Eric Tomlinson,BAL,TE,30.0,17.0,12.0,0.0,0.0,0.0,0.0,0.0,0.0,0.0,0.0,0.0,13.0,9.0,79.0,8.8,2.0,19.9
17922,Jared Goff,DET,QB,28.0,17.0,17.0,382.0,587.0,4438.0,29.0,7.0,29.0,73.0,2.5,0.0,1.0,1.0,5.0,5.0,0.0,283.32
17914,Laquon Treadwell,BAL,WR,27.0,6.0,0.0,0.0,0.0,0.0,0.0,0.0,0.0,0.0,0.0,0.0,10.0,6.0,42.0,7.0,0.0,4.2
16781,Nelson Agholor,BAL,WR,29.0,16.0,7.0,0.0,0.0,0.0,0.0,0.0,0.0,0.0,0.0,0.0,53.0,31.0,362.0,11.7,2.0,44.2
16776,Melvin Gordon III,BAL,RB,29.0,10.0,6.0,0.0,0.0,0.0,0.0,0.0,90.0,318.0,3.5,2.0,32.0,25.0,223.0,8.9,0.0,62.1
16497,Teddy Bridgewater,DET,QB,29.0,5.0,2.0,49.0,79.0,683.0,4.0,4.0,3.0,27.0,9.0,0.0,0.0,0.0,0.0,0.0,0.0,38.02
6489,Josh Johnson,BAL,QB,36.0,2.0,0.0,1.0,2.0,10.0,0.0,0.0,2.0,3.0,1.5,0.0,0.0,0.0,0.0,0.0,0.0,0.7
13870,Marvin Jones Jr.,DET,WR,32.0,16.0,10.0,0.0,0.0,0.0,0.0,0.0,0.0,0.0,0.0,0.0,81.0,46.0,529.0,11.5,3.0,70.9
9038,Matthew Stafford,LAR,QB,34.0,9.0,9.0,206.0,303.0,2087.0,10.0,8.0,13.0,9.0,0.7,1.0,0.0,0.0,0.0,0.0,0.0,108.38
16263,Allen Robinson II,PIT,WR,29.0,10.0,10.0,0.0,0.0,0.0,0.0,0.0,0.0,0.0,0.0,0.0,52.0,33.0,339.0,10.3,3.0,51.9
18047,Demarcus Robinson,LAR,WR,28.0,17.0,5.0,0.0,0.0,0.0,0.0,0.0,0.0,0.0,0.0,0.0,75.0,48.0,458.0,9.5,2.0,55.8
18032,Tyler Higbee,LAR,TE,29.0,17.0,17.0,0.0,0.0,0.0,0.0,0.0,0.0,0.0,0.0,0.0,108.0,72.0,620.0,8.6,3.0,80.0
18811,Mitch Trubisky,PIT,QB,28.0,7.0,5.0,117.0,180.0,1252.0,4.0,5.0,19.0,38.0,2.0,2.0,0.0,0.0,0.0,0.0,0.0,73.88
18882,Cooper Kupp,LAR,WR,29.0,9.0,9.0,0.0,1.0,0.0,0.0,0.0,9.0,52.0,5.8,1.0,98.0,75.0,812.0,10.8,6.0,126.4
19823,Royce Freeman,LAR,RB,26.0,4.0,1.0,0.0,0.0,0.0,0.0,0.0,41.0,117.0,2.9,0.0,8.0,6.0,33.0,5.5,0.0,13.0
19850,Mason Rudolph,PIT,QB,27.0,0.0,0.0,0.0,0.0,0.0,0.0,0.0,0.0,0.0,0.0,0.0,0.0,0.0,0.0,0.0,0.0,0.0
20191,Godwin Igwebuike,PIT,RB,28.0,5.0,0.0,0.0,0.0,0.0,0.0,0.0,3.0,4.0,1.3,0.0,1.0,1.0,3.0,3.0,0.0,0.7
20768,Myles Gaskin,LAR,RB,25.0,4.0,0.0,0.0,0.0,0.0,0.0,0.0,10.0,26.0,2.6,0.0,6.0,4.0,28.0,7.0,0.0,5.4
20798,Darrell Henderson Jr.,LAR,RB,25.0,10.0,7.0,0.0,0.0,0.0,0.0,0.0,70.0,283.0,4.0,3.0,22.0,17.0,102.0,6.0,0.0,56.5
20900,Qadree Ollison,PIT,RB,26.0,3.0,0.0,0.0,0.0,0.0,0.0,0.0,0.0,0.0,0.0,0.0,0.0,0.0,0.0,0.0,0.0,0.0
20929,Brett Rypien,LAR,QB,26.0,4.0,2.0,53.0,88.0,483.0,2.0,4.0,6.0,7.0,1.2,0.0,0.0,0.0,0.0,0.0,0.0,18.02
21037,Miles Boykin,PIT,WR,26.0,16.0,1.0,0.0,0.0,0.0,0.0,0.0,0.0,0.0,0.0,0.0,3.0,2.0,11.0,5.5,0.0,1.1
21077,Diontae Johnson,PIT,WR,26.0,17.0,17.0,0.0,0.0,0.0,0.0,0.0,7.0,25.0,3.6,0.0,147.0,86.0,882.0,10.3,0.0,94.7
21601,Gunner Olszewski,PIT,WR,25.0,16.0,2.0,0.0,0.0,0.0,0.0,0.0,8.0,39.0,4.9,0.0,7.0,5.0,53.0,10.6,0.0,7.2
21675,Tyler Johnson,LAR,WR,24.0,2.0,0.0,0.0,0.0,0.0,0.0,0.0,0.0,0.0,0.0,0.0,0.0,0.0,0.0,0.0,0.0,0.0
21678,Brycen Hopkins,LAR,TE,25.0,14.0,1.0,0.0,0.0,0.0,0.0,0.0,0.0,0.0,0.0,0.0,11.0,7.0,109.0,15.6,0.0,10.9
21741,Denzel Mims,PIT,WR,25.0,10.0,4.0,0.0,0.0,0.0,0.0,0.0,0.0,0.0,0.0,0.0,25.0,11.0,186.0,16.9,0.0,18.6
21768,Najee Harris,PIT,RB,24.0,17.0,17.0,1.0,1.0,4.0,0.0,0.0,272.0,1034.0,3.8,7.0,53.0,41.0,229.0,5.6,3.0,182.46
21854,Anthony McFarland Jr.,PIT,RB,24.0,1.0,0.0,0.0,0.0,0.0,0.0,0.0,6.0,30.0,5.0,0.0,2.0,2.0,11.0,5.5,0.0,4.1
22590,Ben Skowronek,LAR,WR,25.0,14.0,11.0,0.0,0.0,0.0,0.0,0.0,1.0,17.0,17.0,1.0,61.0,39.0,376.0,9.6,0.0,45.3
22591,Dez Fitzpatrick,PIT,WR,24.0,1.0,0.0,0.0,0.0,0.0,0.0,0.0,0.0,0.0,0.0,0.0,0.0,0.0,0.0,0.0,0.0,0.0
22602,Tutu Atwell,LAR,WR,23.0,13.0,4.0,0.0,0.0,0.0,0.0,0.0,9.0,34.0,3.8,1.0,35.0,18.0,298.0,16.6,1.0,45.2
22547,Ronnie Rivers,LAR,RB,23.0,8.0,1.0,0.0,0.0,0.0,0.0,0.0,9.0,21.0,2.3,0.0,5.0,5.0,29.0,5.8,0.0,5.0
22520,Miller Forristall,LAR,TE,24.0,4.0,0.0,0.0,0.0,0.0,0.0,0.0,0.0,0.0,0.0,0.0,1.0,0.0,0.0,0.0,0.0,0.0
22501,Kenny Pickett,PIT,QB,24.0,13.0,12.0,245.0,389.0,2404.0,7.0,9.0,55.0,237.0,4.3,3.0,0.0,0.0,0.0,0.0,0.0,149.86
22509,Hunter Long,LAR,TE,24.0,9.0,0.0,0.0,0.0,0.0,0.0,0.0,0.0,0.0,0.0,0.0,0.0,0.0,0.0,0.0,0.0,0.0
22507,Pat Freiermuth,PIT,TE,24.0,16.0,8.0,0.0,0.0,0.0,0.0,0.0,0.0,0.0,0.0,0.0,98.0,63.0,732.0,11.6,2.0,85.2
22973,Austin Trammell,LAR,WR,24.0,6.0,0.0,0.0,0.0,0.0,0.0,0.0,0.0,0.0,0.0,0.0,4.0,2.0,13.0,6.5,0.0,1.3
23153,George Pickens,PIT,WR,21.0,17.0,12.0,0.0,0.0,0.0,0.0,0.0,3.0,24.0,8.0,1.0,84.0,52.0,801.0,15.4,4.0,114.5
23212,Kyren Williams,LAR,RB,22.0,10.0,0.0,0.0,0.0,0.0,0.0,0.0,35.0,139.0,4.0,0.0,12.0,9.0,76.0,8.4,0.0,21.5
23415,Nikola Kalinic,LAR,TE,25.0,7.0,2.0,0.0,0.0,0.0,0.0,0.0,0.0,0.0,0.0,0.0,0.0,0.0,0.0,0.0,0.0,0.0
23487,Connor Heyward,PIT,TE,23.0,17.0,0.0,0.0,0.0,0.0,0.0,0.0,2.0,27.0,13.5,0.0,17.0,12.0,151.0,12.6,1.0,23.8
23479,Jaylen Warren,PIT,RB,23.0,16.0,0.0,0.0,0.0,0.0,0.0,0.0,77.0,379.0,4.9,1.0,33.0,28.0,214.0,7.6,0.0,65.3
23624,Dareke Young,SEA,WR,23.0,13.0,0.0,0.0,0.0,0.0,0.0,0.0,0.0,0.0,0.0,0.0,2.0,2.0,24.0,12.0,0.0,2.4
23214,Kenneth Walker III,SEA,RB,22.0,15.0,11.0,0.0,0.0,0.0,0.0,0.0,228.0,1050.0,4.6,9.0,35.0,27.0,165.0,6.1,0.0,175.5
23251,Trey McBride,ARI,TE,22.0,16.0,13.0,0.0,0.0,0.0,0.0,0.0,0.0,0.0,0.0,0.0,39.0,29.0,265.0,9.1,1.0,32.5
22567,Cade Johnson,SEA,WR,24.0,3.0,0.0,0.0,0.0,0.0,0.0,0.0,0.0,0.0,0.0,0.0,4.0,2.0,21.0,10.5,0.0,2.1
22626,Rondale Moore,ARI,WR,22.0,8.0,8.0,0.0,0.0,0.0,0.0,0.0,6.0,-5.0,-0.8,0.0,56.0,41.0,414.0,10.1,1.0,46.9
22560,Keaontay Ingram,ARI,RB,23.0,12.0,0.0,0.0,0.0,0.0,0.0,0.0,27.0,60.0,2.2,1.0,5.0,4.0,21.0,5.2,0.0,14.1
22569,Dee Eskridge,SEA,WR,25.0,10.0,0.0,0.0,0.0,0.0,0.0,0.0,2.0,10.0,5.0,0.0,13.0,7.0,58.0,8.3,0.0,6.8
22407,Tyler Mabry,SEA,TE,25.0,2.0,0.0,0.0,0.0,0.0,0.0,0.0,0.0,0.0,0.0,0.0,1.0,1.0,7.0,7.0,1.0,6.7
22234,Andre Baccellia,ARI,WR,25.0,8.0,0.0,0.0,0.0,0.0,0.0,0.0,0.0,0.0,0.0,0.0,10.0,7.0,45.0,6.4,0.0,4.5
21774,Tony Jones Jr.,ARI,RB,24.0,6.0,0.0,0.0,0.0,0.0,0.0,0.0,10.0,24.0,2.4,0.0,8.0,5.0,30.0,6.0,0.0,5.4
21804,DeeJay Dallas,SEA,RB,24.0,15.0,0.0,0.0,1.0,0.0,0.0,1.0,35.0,186.0,5.3,0.0,19.0,17.0,126.0,7.4,0.0,29.2
21807,Colby Parkinson,SEA,TE,23.0,17.0,2.0,0.0,0.0,0.0,0.0,0.0,0.0,0.0,0.0,0.0,34.0,25.0,322.0,12.9,2.0,44.2
21078,Jeff Smith,ARI,WR,25.0,11.0,0.0,0.0,0.0,0.0,0.0,0.0,0.0,0.0,0.0,0.0,11.0,8.0,134.0,16.8,0.0,13.4
21071,Greg Dortch,ARI,WR,24.0,16.0,4.0,0.0,0.0,0.0,0.0,0.0,7.0,44.0,6.3,0.0,64.0,52.0,467.0,9.0,2.0,61.1
21045,Marquise Brown,ARI,WR,25.0,12.0,10.0,0.0,0.0,0.0,0.0,0.0,1.0,1.0,1.0,0.0,107.0,67.0,709.0,10.6,3.0,89.0
20889,Kyler Murray,ARI,QB,25.0,11.0,11.0,259.0,390.0,2368.0,14.0,7.0,67.0,418.0,6.2,3.0,0.0,0.0,0.0,0.0,0.0,200.52
20875,DK Metcalf,SEA,WR,24.0,17.0,17.0,0.0,0.0,0.0,0.0,0.0,0.0,0.0,0.0,0.0,141.0,90.0,1048.0,11.6,6.0,136.8
20859,Drew Lock,SEA,QB,25.0,0.0,0.0,0.0,0.0,0.0,0.0,0.0,0.0,0.0,0.0,0.0,0.0,0.0,0.0,0.0,0.0,0.0
20753,Noah Fant,SEA,TE,24.0,17.0,16.0,0.0,0.0,0.0,0.0,0.0,0.0,0.0,0.0,0.0,63.0,50.0,486.0,9.7,4.0,72.6
19950,Will Dissly,SEA,TE,26.0,15.0,15.0,0.0,0.0,0.0,0.0,0.0,0.0,0.0,0.0,0.0,38.0,34.0,349.0,10.3,3.0,52.9
19548,Corey Clement,ARI,RB,27.0,9.0,1.0,0.0,0.0,0.0,0.0,0.0,15.0,55.0,3.7,1.0,7.0,5.0,54.0,10.8,0.0,16.9
19025,Joshua Dobbs,ARI,QB,27.0,2.0,2.0,40.0,68.0,411.0,2.0,2.0,8.0,44.0,5.5,0.0,0.0,0.0,0.0,0.0,0.0,20.84
19172,Zach Pascal,ARI,WR,27.0,17.0,2.0,0.0,0.0,0.0,0.0,0.0,1.0,0.0,0.0,0.0,19.0,15.0,150.0,10.0,1.0,21.0
18983,James Conner,ARI,RB,27.0,13.0,13.0,0.0,0.0,0.0,0.0,0.0,183.0,782.0,4.3,7.0,58.0,46.0,300.0,6.5,1.0,154.2
18998,Marlon Mack,ARI,RB,26.0,8.0,0.0,0.0,0.0,0.0,0.0,0.0,16.0,84.0,5.2,1.0,10.0,8.0,99.0,12.4,1.0,30.3
18123,Jeff Driskel,ARI,QB,29.0,7.0,2.0,14.0,20.0,108.0,1.0,0.0,20.0,75.0,3.8,0.0,1.0,1.0,4.0,4.0,0.0,16.22
17005,Geoff Swaim,ARI,TE,29.0,17.0,13.0,0.0,0.0,0.0,0.0,0.0,0.0,0.0,0.0,0.0,16.0,12.0,58.0,4.8,1.0,11.8
16830,Tyler Lockett,SEA,WR,30.0,16.0,16.0,0.0,0.0,0.0,0.0,0.0,0.0,0.0,0.0,0.0,117.0,84.0,1033.0,12.3,9.0,153.3
16031,Damien Williams,ARI,RB,30.0,1.0,1.0,0.0,0.0,0.0,0.0,0.0,2.0,2.0,1.0,0.0,0.0,0.0,0.0,0.0,0.0,0.2
14856,Zach Ertz,ARI,TE,31.0,10.0,10.0,0.0,0.0,0.0,0.0,0.0,0.0,0.0,0.0,0.0,69.0,47.0,406.0,8.6,4.0,68.6
14895,Geno Smith,SEA,QB,32.0,17.0,17.0,399.0,572.0,4282.0,30.0,11.0,68.0,366.0,5.4,1.0,0.0,0.0,0.0,0.0,0.0,303.88
14536,Russell Wilson,DEN,QB,33.0,15.0,15.0,292.0,483.0,3524.0,16.0,11.0,55.0,277.0,5.0,3.0,1.0,1.0,1.0,1.0,0.0,224.76
16790,Phillip Dorsett,DEN,WR,29.0,15.0,4.0,0.0,1.0,0.0,0.0,0.0,0.0,0.0,0.0,0.0,40.0,20.0,257.0,12.8,1.0,31.7
17762,Chris Manhertz,DEN,TE,30.0,17.0,11.0,0.0,0.0,0.0,0.0,0.0,0.0,0.0,0.0,0.0,8.0,6.0,42.0,7.0,0.0,4.2
18152,Dwayne Washington,DEN,RB,28.0,12.0,0.0,0.0,0.0,0.0,0.0,0.0,11.0,38.0,3.5,0.0,1.0,1.0,7.0,7.0,0.0,4.5
18993,Samaje Perine,DEN,RB,27.0,16.0,2.0,0.0,0.0,0.0,0.0,0.0,95.0,394.0,4.1,2.0,51.0,38.0,287.0,7.6,4.0,104.1
19045,Aaron Jones,GB,RB,27.0,17.0,17.0,0.0,0.0,0.0,0.0,0.0,213.0,1121.0,5.3,2.0,72.0,59.0,395.0,6.7,5.0,189.6
19800,Courtland Sutton,DEN,WR,27.0,15.0,15.0,0.0,0.0,0.0,0.0,0.0,1.0,5.0,5.0,0.0,109.0,64.0,829.0,13.0,2.0,95.4
19897,Tre'Quan Smith,DEN,WR,26.0,15.0,6.0,0.0,0.0,0.0,0.0,0.0,0.0,0.0,0.0,0.0,27.0,19.0,278.0,14.6,1.0,33.8
20816,Lil'Jordan Humphrey,DEN,WR,24.0,6.0,2.0,0.0,0.0,0.0,0.0,0.0,0.0,0.0,0.0,0.0,4.0,2.0,20.0,10.0,0.0,2.0
20954,Jarrett Stidham,DEN,QB,26.0,5.0,2.0,53.0,83.0,656.0,4.0,3.0,14.0,84.0,6.0,0.0,0.0,0.0,0.0,0.0,0.0,42.64
20939,David Sills V,DEN,WR,26.0,9.0,5.0,0.0,0.0,0.0,0.0,0.0,0.0,0.0,0.0,0.0,17.0,11.0,106.0,9.6,0.0,10.6
21692,Jerry Jeudy,DEN,WR,23.0,15.0,14.0,0.0,0.0,0.0,0.0,0.0,4.0,40.0,10.0,0.0,100.0,67.0,972.0,14.5,6.0,137.2
21802,AJ Dillon,GB,RB,24.0,17.0,3.0,0.0,0.0,0.0,0.0,0.0,186.0,770.0,4.1,7.0,43.0,28.0,206.0,7.4,0.0,139.6
21786,Adam Trautman,DEN,TE,25.0,15.0,12.0,0.0,0.0,0.0,0.0,0.0,0.0,0.0,0.0,0.0,22.0,18.0,207.0,11.5,1.0,26.7
21798,Josiah Deguara,GB,TE,25.0,17.0,3.0,0.0,0.0,0.0,0.0,0.0,0.0,0.0,0.0,0.0,15.0,13.0,114.0,8.8,0.0,11.4
21841,Jordan Love,GB,QB,23.0,4.0,0.0,14.0,21.0,195.0,1.0,0.0,1.0,-1.0,-1.0,0.0,0.0,0.0,0.0,0.0,0.0,11.7
21970,James Robinson,GB,RB,24.0,11.0,5.0,0.0,0.0,0.0,0.0,0.0,110.0,425.0,3.9,3.0,14.0,11.0,51.0,4.6,2.0,77.6
22138,Tyler Davis,GB,TE,25.0,17.0,1.0,0.0,0.0,0.0,0.0,0.0,0.0,0.0,0.0,0.0,7.0,4.0,26.0,6.5,0.0,2.6
22558,Javonte Williams,DEN,RB,22.0,4.0,4.0,0.0,0.0,0.0,0.0,0.0,47.0,204.0,4.3,0.0,22.0,16.0,76.0,4.8,0.0,26.0
23310,Greg Dulcich,DEN,TE,22.0,10.0,6.0,0.0,0.0,0.0,0.0,0.0,0.0,0.0,0.0,0.0,55.0,33.0,411.0,12.5,2.0,53.1
23167,Romeo Doubs,GB,WR,22.0,13.0,7.0,0.0,0.0,0.0,0.0,0.0,1.0,11.0,11.0,0.0,67.0,42.0,425.0,10.1,3.0,59.6
23231,Tyler Badie,DEN,RB,23.0,1.0,0.0,0.0,0.0,0.0,0.0,0.0,1.0,0.0,0.0,0.0,1.0,1.0,24.0,24.0,1.0,8.4
23395,Christian Watson,GB,WR,23.0,14.0,11.0,0.0,0.0,0.0,0.0,0.0,7.0,80.0,11.4,2.0,66.0,41.0,611.0,14.9,7.0,123.1
23482,Bo Melton,GB,WR,23.0,0.0,0.0,0.0,0.0,0.0,0.0,0.0,0.0,0.0,0.0,0.0,0.0,0.0,0.0,0.0,0.0,0.0
23650,Lucas Krull,DEN,TE,24.0,1.0,0.0,0.0,0.0,0.0,0.0,0.0,0.0,0.0,0.0,0.0,0.0,0.0,0.0,0.0,0.0,0.0
23642,Jalen Virgil,DEN,WR,24.0,9.0,1.0,0.0,0.0,0.0,0.0,0.0,0.0,0.0,0.0,0.0,5.0,2.0,75.0,37.5,1.0,11.5
23634,Samori Toure,GB,WR,24.0,11.0,2.0,0.0,0.0,0.0,0.0,0.0,0.0,0.0,0.0,0.0,10.0,5.0,82.0,16.4,1.0,14.2
23763,Brandon Johnson,DEN,WR,24.0,7.0,1.0,0.0,0.0,0.0,0.0,0.0,0.0,0.0,0.0,0.0,14.0,6.0,42.0,7.0,1.0,8.2
23644,Stone Smartt,LAC,TE,24.0,7.0,1.0,0.0,0.0,0.0,0.0,0.0,0.0,0.0,0.0,0.0,5.0,4.0,17.0,4.2,0.0,1.7
23604,Montrell Washington,KC,WR,23.0,15.0,1.0,0.0,0.0,0.0,0.0,0.0,5.0,30.0,6.0,0.0,9.0,4.0,2.0,0.5,0.0,1.2
23371,Isiah Pacheco,KC,RB,23.0,17.0,11.0,0.0,0.0,0.0,0.0,0.0,170.0,830.0,4.9,5.0,14.0,13.0,130.0,10.0,0.0,122.0
23168,Skyy Moore,KC,WR,22.0,16.0,3.0,0.0,0.0,0.0,0.0,0.0,3.0,24.0,8.0,0.0,33.0,22.0,250.0,11.4,0.0,21.4
23198,Isaiah Spiller,LAC,RB,21.0,6.0,0.0,0.0,0.0,0.0,0.0,0.0,18.0,41.0,2.3,0.0,3.0,3.0,13.0,4.3,0.0,5.4
22556,Jaret Patterson,LAC,RB,22.0,3.0,0.0,0.0,0.0,0.0,0.0,0.0,17.0,78.0,4.6,0.0,1.0,0.0,0.0,0.0,0.0,7.8
22568,Cornell Powell,KC,WR,24.0,3.0,0.0,0.0,0.0,0.0,0.0,0.0,0.0,0.0,0.0,0.0,0.0,0.0,0.0,0.0,0.0,0.0
22512,Tre' McKitty,LAC,TE,23.0,17.0,8.0,0.0,0.0,0.0,0.0,0.0,0.0,0.0,0.0,0.0,18.0,10.0,72.0,7.2,0.0,7.2
22613,Joshua Palmer,LAC,WR,23.0,16.0,11.0,0.0,0.0,0.0,0.0,0.0,1.0,4.0,4.0,0.0,107.0,72.0,769.0,10.7,3.0,97.3
22614,Kadarius Toney,KC,WR,23.0,9.0,4.0,0.0,0.0,0.0,0.0,0.0,7.0,82.0,11.7,1.0,20.0,16.0,171.0,10.7,2.0,41.3
22645,Simi Fehoko,LAC,WR,24.0,5.0,0.0,0.0,0.0,0.0,0.0,0.0,0.0,0.0,0.0,0.0,4.0,3.0,24.0,8.0,0.0,2.4
21769,Clyde Edwards-Helaire,KC,RB,23.0,10.0,6.0,0.0,0.0,0.0,0.0,0.0,71.0,302.0,4.3,3.0,23.0,17.0,151.0,8.9,3.0,81.3
21785,Noah Gray,KC,TE,23.0,17.0,8.0,0.0,0.0,0.0,0.0,0.0,1.0,1.0,1.0,1.0,34.0,28.0,299.0,10.7,1.0,42.0
21776,Joshua Kelley,LAC,RB,24.0,13.0,1.0,0.0,0.0,0.0,0.0,0.0,69.0,287.0,4.2,2.0,25.0,14.0,101.0,7.2,0.0,50.8
21681,Justin Herbert,LAC,QB,24.0,17.0,17.0,477.0,699.0,4739.0,25.0,10.0,54.0,147.0,2.7,0.0,2.0,2.0,-10.0,-5.0,0.0,279.26
21383,Jody Fortson,KC,TE,26.0,13.0,1.0,0.0,0.0,0.0,0.0,0.0,0.0,0.0,0.0,0.0,13.0,9.0,108.0,12.0,2.0,20.8
21448,Jalen Guyton,LAC,WR,25.0,3.0,0.0,0.0,0.0,0.0,0.0,0.0,0.0,0.0,0.0,0.0,4.0,2.0,64.0,32.0,0.0,6.4
21072,Keelan Doss,LAC,WR,26.0,0.0,0.0,0.0,0.0,0.0,0.0,0.0,0.0,0.0,0.0,0.0,0.0,0.0,0.0,0.0,0.0,0.0
20953,Easton Stick,LAC,QB,27.0,0.0,0.0,0.0,0.0,0.0,0.0,0.0,0.0,0.0,0.0,0.0,0.0,0.0,0.0,0.0,0.0,0.0
20905,Donald Parham Jr.,LAC,TE,25.0,6.0,1.0,0.0,0.0,0.0,0.0,0.0,0.0,0.0,0.0,0.0,12.0,10.0,130.0,13.0,1.0,19.0
20077,Richie James,KC,WR,27.0,17.0,4.0,0.0,0.0,0.0,0.0,0.0,2.0,6.0,3.0,0.0,70.0,57.0,569.0,10.0,4.0,75.5
19976,Marquez Valdes-Scantling,KC,WR,28.0,17.0,11.0,0.0,0.0,0.0,0.0,0.0,1.0,-3.0,-3.0,0.0,81.0,42.0,687.0,16.4,2.0,80.4
19922,Justin Watson,KC,WR,27.0,17.0,5.0,0.0,0.0,0.0,0.0,0.0,0.0,0.0,0.0,0.0,34.0,15.0,315.0,21.0,2.0,43.5
19562,Austin Ekeler,LAC,RB,27.0,17.0,17.0,0.0,0.0,0.0,0.0,0.0,204.0,915.0,4.5,13.0,127.0,107.0,722.0,6.7,5.0,265.7
18935,Gerald Everett,LAC,TE,28.0,16.0,11.0,0.0,0.0,0.0,0.0,0.0,1.0,0.0,0.0,0.0,87.0,58.0,555.0,9.6,4.0,81.5
18890,Patrick Mahomes,KC,QB,27.0,17.0,17.0,435.0,648.0,5250.0,41.0,12.0,61.0,358.0,5.9,4.0,1.0,1.0,6.0,6.0,0.0,416.4
18914,Mike Williams,LAC,WR,28.0,13.0,13.0,0.0,0.0,0.0,0.0,0.0,0.0,0.0,0.0,0.0,93.0,63.0,895.0,14.2,4.0,113.5
18019,Nick Vannett,LAC,TE,29.0,9.0,3.0,0.0,0.0,0.0,0.0,0.0,0.0,0.0,0.0,0.0,9.0,6.0,55.0,9.2,0.0,5.5
18197,Alex Erickson,LAC,WR,29.0,2.0,0.0,0.0,0.0,0.0,0.0,0.0,0.0,0.0,0.0,0.0,0.0,0.0,0.0,0.0,0.0,0.0
16878,Blake Bell,KC,TE,31.0,3.0,1.0,0.0,0.0,0.0,0.0,0.0,0.0,0.0,0.0,0.0,2.0,2.0,20.0,10.0,1.0,8.0
16510,Jerick McKinnon,KC,RB,30.0,17.0,0.0,0.0,0.0,0.0,0.0,0.0,72.0,291.0,4.0,1.0,71.0,56.0,512.0,9.1,9.0,140.3
15076,Keenan Allen,LAC,WR,30.0,10.0,10.0,0.0,0.0,0.0,0.0,0.0,1.0,8.0,8.0,0.0,89.0,66.0,752.0,11.4,4.0,98.0
15048,Travis Kelce,KC,TE,33.0,17.0,17.0,0.0,0.0,0.0,0.0,0.0,2.0,5.0,2.5,0.0,152.0,110.0,1338.0,12.2,12.0,206.3
12982,Blaine Gabbert,KC,QB,33.0,1.0,0.0,6.0,8.0,29.0,1.0,0.0,0.0,0.0,0.0,0.0,0.0,0.0,0.0,0.0,0.0,5.16
13291,Julio Jones,PHI,WR,33.0,10.0,5.0,0.0,0.0,0.0,0.0,0.0,5.0,45.0,9.0,0.0,43.0,24.0,299.0,12.5,2.0,46.4
16763,Marcus Mariota,PHI,QB,28.0,13.0,13.0,184.0,300.0,2219.0,15.0,9.0,85.0,438.0,5.2,4.0,0.0,0.0,0.0,0.0,0.0,196.56
17217,Raheem Mostert,MIA,RB,30.0,16.0,14.0,0.0,0.0,0.0,0.0,0.0,181.0,891.0,4.9,3.0,42.0,31.0,202.0,6.5,2.0,137.3
16846,Tyler Kroft,MIA,TE,30.0,11.0,4.0,0.0,0.0,0.0,0.0,0.0,0.0,0.0,0.0,0.0,5.0,4.0,57.0,14.2,0.0,5.7
18187,Robbie Chosen,MIA,WR,29.0,16.0,7.0,0.0,0.0,0.0,0.0,0.0,0.0,0.0,0.0,0.0,44.0,20.0,282.0,14.1,1.0,32.2
18082,Tyreek Hill,MIA,WR,28.0,17.0,17.0,0.0,0.0,0.0,0.0,0.0,7.0,32.0,4.6,2.0,170.0,119.0,1710.0,14.4,7.0,228.2
19755,River Cracraft,MIA,WR,27.0,11.0,0.0,0.0,0.0,0.0,0.0,0.0,0.0,0.0,0.0,0.0,14.0,9.0,102.0,11.3,2.0,22.2
19799,Rashaad Penny,PHI,RB,26.0,5.0,5.0,0.0,0.0,0.0,0.0,0.0,57.0,346.0,6.1,2.0,5.0,4.0,16.0,4.0,0.0,48.2
19863,Dallas Goedert,PHI,TE,27.0,12.0,12.0,0.0,0.0,0.0,0.0,0.0,0.0,0.0,0.0,0.0,69.0,55.0,702.0,12.8,3.0,86.2
19972,Mike White,MIA,QB,27.0,4.0,4.0,103.0,175.0,1192.0,3.0,4.0,6.0,9.0,1.5,1.0,0.0,0.0,0.0,0.0,0.0,56.58
19943,Durham Smythe,MIA,TE,27.0,16.0,15.0,0.0,0.0,0.0,0.0,0.0,2.0,1.0,0.5,1.0,20.0,15.0,129.0,8.6,1.0,25.0
20013,Cedrick Wilson Jr.,MIA,WR,26.0,15.0,0.0,0.0,0.0,0.0,0.0,0.0,1.0,8.0,8.0,0.0,18.0,12.0,136.0,11.3,0.0,14.4
20038,Braxton Berrios,MIA,WR,27.0,17.0,2.0,1.0,1.0,2.0,1.0,0.0,9.0,91.0,10.1,2.0,32.0,18.0,145.0,8.1,0.0,39.68
20039,Boston Scott,PHI,RB,27.0,15.0,2.0,0.0,0.0,0.0,0.0,0.0,54.0,217.0,4.0,3.0,6.0,5.0,15.0,3.0,0.0,41.2
20360,Jeff Wilson Jr.,MIA,RB,26.0,16.0,7.0,0.0,0.0,0.0,0.0,0.0,176.0,860.0,4.9,5.0,37.0,22.0,185.0,8.4,1.0,136.5
21042,A.J. Brown,PHI,WR,25.0,17.0,16.0,0.0,0.0,0.0,0.0,0.0,0.0,0.0,0.0,0.0,146.0,88.0,1496.0,17.0,11.0,211.6
21142,Olamide Zaccheaus,PHI,WR,25.0,17.0,13.0,0.0,0.0,0.0,0.0,0.0,2.0,7.0,3.5,0.0,61.0,40.0,533.0,13.3,3.0,70.0
21684,D'Andre Swift,PHI,RB,23.0,14.0,8.0,0.0,0.0,0.0,0.0,0.0,99.0,542.0,5.5,5.0,70.0,48.0,389.0,8.1,3.0,143.1
21677,Tua Tagovailoa,MIA,QB,24.0,13.0,13.0,259.0,400.0,3548.0,25.0,8.0,24.0,70.0,2.9,0.0,0.0,0.0,0.0,0.0,0.0,230.92
21687,DeVonta Smith,PHI,WR,23.0,17.0,17.0,0.0,0.0,0.0,0.0,0.0,0.0,0.0,0.0,0.0,136.0,95.0,1196.0,12.6,7.0,159.6
21752,Chase Claypool,MIA,WR,24.0,15.0,11.0,1.0,1.0,1.0,1.0,0.0,9.0,59.0,6.6,0.0,79.0,46.0,451.0,9.8,1.0,59.04
21960,Freddie Swain,MIA,WR,24.0,4.0,1.0,0.0,0.0,0.0,0.0,0.0,0.0,0.0,0.0,0.0,6.0,4.0,74.0,18.5,0.0,7.4
21957,Quez Watkins,PHI,WR,24.0,17.0,8.0,0.0,0.0,0.0,0.0,0.0,3.0,1.0,0.3,0.0,50.0,33.0,354.0,10.7,3.0,51.5
21794,Albert Okwuegbunam,PHI,TE,24.0,8.0,1.0,0.0,0.0,0.0,0.0,0.0,0.0,0.0,0.0,0.0,18.0,10.0,95.0,9.5,1.0,15.5
21831,Jalen Hurts,PHI,QB,24.0,15.0,15.0,306.0,460.0,3701.0,22.0,6.0,165.0,760.0,4.6,13.0,0.0,0.0,0.0,0.0,0.0,378.04
21843,Salvon Ahmed,MIA,RB,23.0,12.0,0.0,0.0,0.0,0.0,0.0,0.0,12.0,64.0,5.3,1.0,1.0,1.0,8.0,8.0,0.0,13.2
22678,Jake Funk,MIA,RB,24.0,6.0,0.0,0.0,0.0,0.0,0.0,0.0,0.0,0.0,0.0,0.0,0.0,0.0,0.0,0.0,0.0,0.0
22661,Jack Stoll,PHI,TE,24.0,17.0,11.0,0.0,0.0,0.0,0.0,0.0,0.0,0.0,0.0,0.0,14.0,11.0,123.0,11.2,0.0,12.3
22598,Jaylen Waddle,MIA,WR,23.0,17.0,17.0,0.0,0.0,0.0,0.0,0.0,3.0,26.0,8.7,0.0,117.0,75.0,1356.0,18.1,8.0,184.2
22562,Kenneth Gainwell,PHI,RB,23.0,17.0,0.0,0.0,0.0,0.0,0.0,0.0,53.0,240.0,4.5,4.0,29.0,23.0,169.0,7.3,0.0,64.9
23302,Britain Covey,PHI,WR,25.0,17.0,0.0,0.0,0.0,0.0,0.0,0.0,0.0,0.0,0.0,0.0,0.0,0.0,0.0,0.0,0.0,0.0
23325,Erik Ezukanma,MIA,WR,22.0,1.0,0.0,0.0,0.0,0.0,0.0,0.0,0.0,0.0,0.0,0.0,1.0,1.0,3.0,3.0,0.0,0.3
23441,Braylon Sanders,MIA,WR,23.0,3.0,0.0,0.0,0.0,0.0,0.0,0.0,0.0,0.0,0.0,0.0,3.0,2.0,17.0,8.5,0.0,-0.3
23477,Skylar Thompson,MIA,QB,25.0,7.0,2.0,60.0,105.0,534.0,1.0,3.0,14.0,21.0,1.5,0.0,0.0,0.0,0.0,0.0,0.0,17.46
23486,Grant Calcaterra,PHI,TE,23.0,15.0,2.0,0.0,0.0,0.0,0.0,0.0,0.0,0.0,0.0,0.0,9.0,5.0,81.0,16.2,0.0,8.1
23737,Tanner Conner,MIA,TE,24.0,13.0,0.0,0.0,0.0,0.0,0.0,0.0,0.0,0.0,0.0,0.0,3.0,0.0,0.0,0.0,0.0,0.0
23978,Raleigh Webb,MIA,WR,24.0,12.0,0.0,0.0,0.0,0.0,0.0,0.0,0.0,0.0,0.0,0.0,0.0,0.0,0.0,0.0,0.0,0.0
23573,Danny Gray,SF,WR,23.0,13.0,0.0,0.0,0.0,0.0,0.0,0.0,1.0,9.0,9.0,0.0,7.0,1.0,10.0,10.0,0.0,1.9
23621,Nick Muse,MIN,TE,23.0,10.0,0.0,0.0,0.0,0.0,0.0,0.0,0.0,0.0,0.0,0.0,0.0,0.0,0.0,0.0,0.0,0.0
23659,Tay Martin,SF,WR,24.0,2.0,0.0,0.0,0.0,0.0,0.0,0.0,0.0,0.0,0.0,0.0,0.0,0.0,0.0,0.0,0.0,0.0
23662,Jake Tonges,SF,TE,23.0,4.0,0.0,0.0,0.0,0.0,0.0,0.0,0.0,0.0,0.0,0.0,1.0,0.0,0.0,0.0,0.0,0.0
23364,Jordan Mason,SF,RB,23.0,16.0,0.0,0.0,0.0,0.0,0.0,0.0,43.0,258.0,6.0,1.0,0.0,0.0,0.0,0.0,0.0,31.8
23368,Jalen Nailor,MIN,WR,23.0,15.0,0.0,0.0,0.0,0.0,0.0,0.0,0.0,0.0,0.0,0.0,13.0,9.0,179.0,19.9,1.0,23.9
23172,Tyrion Davis-Price,SF,RB,22.0,6.0,0.0,0.0,0.0,0.0,0.0,0.0,34.0,99.0,2.9,0.0,2.0,0.0,0.0,0.0,0.0,9.9
23241,Brock Purdy,SF,QB,22.0,9.0,5.0,114.0,170.0,1374.0,13.0,4.0,22.0,13.0,0.6,1.0,0.0,0.0,0.0,0.0,0.0,106.26
22535,Elijah Mitchell,SF,RB,24.0,5.0,1.0,0.0,0.0,0.0,0.0,0.0,45.0,279.0,6.2,2.0,4.0,3.0,7.0,2.3,0.0,40.6
22676,Kene Nwangwu,MIN,RB,24.0,17.0,0.0,0.0,0.0,0.0,0.0,0.0,9.0,14.0,1.6,0.0,2.0,2.0,21.0,10.5,0.0,3.5
22345,Dan Chisena,MIN,WR,25.0,2.0,0.0,0.0,0.0,0.0,0.0,0.0,0.0,0.0,0.0,0.0,0.0,0.0,0.0,0.0,0.0,0.0
22119,Charlie Woerner,SF,TE,25.0,17.0,2.0,0.0,0.0,0.0,0.0,0.0,0.0,0.0,0.0,0.0,2.0,0.0,0.0,0.0,0.0,0.0
21852,Ty Chandler,MIN,RB,24.0,3.0,0.0,0.0,0.0,0.0,0.0,0.0,6.0,20.0,3.3,0.0,0.0,0.0,0.0,0.0,0.0,2.0
21747,Brandon Aiyuk,SF,WR,24.0,17.0,17.0,0.0,0.0,0.0,0.0,0.0,2.0,23.0,11.5,0.0,114.0,78.0,1015.0,13.0,8.0,149.8
21714,K.J. Osborn,MIN,WR,25.0,17.0,9.0,0.0,0.0,0.0,0.0,0.0,3.0,6.0,2.0,0.0,90.0,60.0,650.0,10.8,5.0,95.6
21717,Jauan Jennings,SF,WR,25.0,16.0,4.0,0.0,0.0,0.0,0.0,0.0,0.0,0.0,0.0,0.0,56.0,35.0,416.0,11.9,1.0,47.6
21688,Cam Akers,MIN,RB,23.0,15.0,9.0,0.0,0.0,0.0,0.0,0.0,188.0,786.0,4.2,7.0,18.0,13.0,117.0,9.0,0.0,128.3
21685,Justin Jefferson,MIN,WR,23.0,17.0,17.0,2.0,2.0,34.0,0.0,0.0,4.0,24.0,6.0,1.0,184.0,128.0,1809.0,14.1,8.0,240.66
20868,Alexander Mattison,MIN,RB,24.0,17.0,0.0,0.0,0.0,0.0,0.0,0.0,74.0,283.0,3.8,5.0,18.0,15.0,91.0,6.1,1.0,73.4
20805,T.J. Hockenson,MIN,TE,25.0,17.0,14.0,0.0,0.0,0.0,0.0,0.0,0.0,0.0,0.0,0.0,129.0,86.0,914.0,10.6,6.0,129.4
20792,N'Keal Harry,MIN,WR,24.0,7.0,0.0,0.0,0.0,0.0,0.0,0.0,0.0,0.0,0.0,0.0,9.0,7.0,116.0,16.6,1.0,17.6
20932,Deebo Samuel,SF,WR,26.0,13.0,12.0,0.0,0.0,0.0,0.0,0.0,42.0,232.0,5.5,3.0,94.0,56.0,632.0,11.3,2.0,112.4
20899,Josh Oliver,MIN,TE,25.0,17.0,9.0,0.0,0.0,0.0,0.0,0.0,0.0,0.0,0.0,0.0,25.0,14.0,149.0,10.6,2.0,26.9
20361,Ross Dwelley,SF,TE,27.0,12.0,0.0,0.0,0.0,0.0,0.0,0.0,0.0,0.0,0.0,0.0,5.0,3.0,105.0,35.0,1.0,16.5
20487,Brandon Powell,MIN,WR,27.0,17.0,6.0,0.0,0.0,0.0,0.0,0.0,17.0,80.0,4.7,0.0,32.0,24.0,156.0,6.5,0.0,23.6
19961,Ray-Ray McCloud III,SF,WR,26.0,17.0,2.0,0.0,0.0,0.0,0.0,0.0,4.0,78.0,19.5,1.0,25.0,14.0,243.0,17.4,1.0,44.1
19812,Sam Darnold,SF,QB,25.0,6.0,6.0,82.0,140.0,1143.0,7.0,3.0,26.0,106.0,4.1,2.0,0.0,0.0,0.0,0.0,0.0,86.32
19063,George Kittle,SF,TE,29.0,15.0,15.0,0.0,0.0,0.0,0.0,0.0,0.0,0.0,0.0,0.0,86.0,60.0,765.0,12.8,11.0,140.5
19330,Nick Mullens,MIN,QB,27.0,4.0,0.0,21.0,25.0,224.0,1.0,1.0,4.0,8.0,2.0,0.0,0.0,0.0,0.0,0.0,0.0,11.76
19165,Johnny Mundt,MIN,TE,27.0,17.0,12.0,0.0,0.0,0.0,0.0,0.0,0.0,0.0,0.0,0.0,21.0,19.0,140.0,7.4,1.0,20.0
18877,Christian McCaffrey,SF,RB,26.0,17.0,16.0,1.0,1.0,34.0,1.0,0.0,244.0,1139.0,4.7,8.0,108.0,85.0,741.0,8.7,5.0,271.36
18118,Brandon Allen,SF,QB,30.0,1.0,0.0,3.0,3.0,22.0,0.0,0.0,3.0,-1.0,-0.3,0.0,0.0,0.0,0.0,0.0,0.0,0.78
16837,Chris Conley,SF,WR,30.0,9.0,1.0,0.0,0.0,0.0,0.0,0.0,0.0,0.0,0.0,0.0,7.0,4.0,46.0,11.5,0.0,4.6
16141,Willie Snead IV,SF,WR,30.0,4.0,0.0,0.0,0.0,0.0,0.0,0.0,0.0,0.0,0.0,0.0,0.0,0.0,0.0,0.0,0.0,0.0
14252,Kirk Cousins,MIN,QB,34.0,17.0,17.0,424.0,643.0,4547.0,29.0,14.0,31.0,97.0,3.1,2.0,0.0,0.0,0.0,0.0,0.0,291.58
16568,Brandin Cooks,DAL,WR,29.0,13.0,13.0,0.0,0.0,0.0,0.0,0.0,2.0,7.0,3.5,0.0,93.0,57.0,699.0,12.3,3.0,88.6
18055,Dak Prescott,DAL,QB,29.0,12.0,12.0,261.0,394.0,2860.0,23.0,15.0,45.0,182.0,4.0,1.0,0.0,0.0,0.0,0.0,0.0,198.6
19461,Cooper Rush,DAL,QB,28.0,9.0,5.0,94.0,162.0,1051.0,5.0,3.0,9.0,6.0,0.7,0.0,0.0,0.0,0.0,0.0,0.0,56.64
19867,Michael Gallup,DAL,WR,26.0,14.0,11.0,0.0,0.0,0.0,0.0,0.0,0.0,0.0,0.0,0.0,74.0,39.0,424.0,10.9,4.0,66.4
20912,Tony Pollard,DAL,RB,25.0,16.0,4.0,0.0,0.0,0.0,0.0,0.0,193.0,1007.0,5.2,9.0,55.0,39.0,371.0,9.5,3.0,209.8
20838,Tyron Billy-Johnson,DAL,WR,26.0,4.0,1.0,0.0,0.0,0.0,0.0,0.0,0.0,0.0,0.0,0.0,1.0,1.0,8.0,8.0,0.0,0.8
21679,CeeDee Lamb,DAL,WR,23.0,17.0,17.0,0.0,0.0,0.0,0.0,0.0,10.0,47.0,4.7,0.0,156.0,107.0,1359.0,12.7,9.0,194.6
21952,Rico Dowdle,DAL,RB,24.0,5.0,0.0,0.0,0.0,0.0,0.0,0.0,0.0,0.0,0.0,0.0,0.0,0.0,0.0,0.0,0.0,0.0
21781,Sean McKeon,DAL,TE,24.0,13.0,0.0,0.0,0.0,0.0,0.0,0.0,0.0,0.0,0.0,0.0,3.0,2.0,11.0,5.5,0.0,1.1
22597,Jalen Tolbert,DAL,WR,23.0,8.0,1.0,0.0,0.0,0.0,0.0,0.0,0.0,0.0,0.0,0.0,3.0,2.0,12.0,6.0,0.0,1.2
22517,Peyton Hendershot,DAL,TE,23.0,17.0,2.0,0.0,0.0,0.0,0.0,0.0,1.0,2.0,2.0,1.0,16.0,11.0,103.0,9.4,2.0,28.5
22493,Trey Lance,DAL,QB,22.0,2.0,2.0,15.0,31.0,194.0,0.0,1.0,16.0,67.0,4.2,0.0,0.0,0.0,0.0,0.0,0.0,12.46
23138,Jake Ferguson,DAL,TE,23.0,16.0,7.0,0.0,0.0,0.0,0.0,0.0,0.0,0.0,0.0,0.0,22.0,19.0,174.0,9.2,2.0,29.4
23880,Malik Davis,DAL,RB,23.0,12.0,0.0,0.0,0.0,0.0,0.0,0.0,38.0,161.0,4.2,1.0,7.0,6.0,63.0,10.5,0.0,28.4
24068,KaVontae Turpin,DAL,WR,26.0,17.0,0.0,0.0,0.0,0.0,0.0,0.0,3.0,17.0,5.7,0.0,2.0,1.0,9.0,9.0,0.0,-1.4
23586,Julius Chestnut,TEN,RB,22.0,6.0,0.0,0.0,0.0,0.0,0.0,0.0,9.0,12.0,1.3,0.0,3.0,3.0,41.0,13.7,0.0,5.3
23463,Kyle Philips,TEN,WR,23.0,4.0,0.0,0.0,0.0,0.0,0.0,0.0,0.0,0.0,0.0,0.0,13.0,8.0,78.0,9.8,0.0,3.8
23489,Chigoziem Okonkwo,TEN,TE,23.0,17.0,8.0,0.0,0.0,0.0,0.0,0.0,3.0,2.0,0.7,0.0,46.0,32.0,450.0,14.1,3.0,65.2
23118,Malik Willis,TEN,QB,23.0,8.0,3.0,31.0,61.0,276.0,0.0,3.0,27.0,123.0,4.6,1.0,0.0,0.0,0.0,0.0,0.0,19.34
23119,Treylon Burks,TEN,WR,22.0,11.0,6.0,0.0,0.0,0.0,0.0,0.0,4.0,47.0,11.8,1.0,54.0,33.0,444.0,13.5,1.0,61.1
23273,Hassan Haskins,TEN,RB,22.0,15.0,1.0,0.0,0.0,0.0,0.0,0.0,25.0,93.0,3.7,0.0,12.0,11.0,57.0,5.2,0.0,15.0
22609,Shi Smith,TEN,WR,24.0,17.0,6.0,0.0,0.0,0.0,0.0,0.0,0.0,0.0,0.0,0.0,41.0,22.0,296.0,13.5,2.0,39.6
22415,Mason Kinsey,TEN,WR,24.0,2.0,0.0,0.0,0.0,0.0,0.0,0.0,0.0,0.0,0.0,0.0,1.0,1.0,3.0,3.0,0.0,0.3
21734,Nick Westbrook-Ikhine,TEN,WR,25.0,17.0,13.0,0.0,0.0,0.0,0.0,0.0,0.0,0.0,0.0,0.0,50.0,25.0,397.0,15.9,3.0,57.7
20977,Trevon Wesco,TEN,TE,27.0,14.0,1.0,0.0,0.0,0.0,0.0,0.0,0.0,0.0,0.0,0.0,4.0,2.0,26.0,13.0,0.0,4.6
20134,Kevin Rader,TEN,TE,27.0,14.0,2.0,0.0,0.0,0.0,0.0,0.0,0.0,0.0,0.0,0.0,0.0,0.0,0.0,0.0,0.0,0.0
18030,Chris Moore,TEN,WR,29.0,16.0,7.0,0.0,0.0,0.0,0.0,0.0,3.0,3.0,1.0,0.0,74.0,48.0,548.0,11.4,2.0,67.1
17959,Derrick Henry,TEN,RB,28.0,16.0,16.0,2.0,2.0,4.0,1.0,0.0,349.0,1538.0,4.4,13.0,41.0,33.0,398.0,12.1,0.0,269.76
14986,DeAndre Hopkins,TEN,WR,30.0,9.0,9.0,0.0,0.0,0.0,0.0,0.0,0.0,0.0,0.0,0.0,96.0,64.0,717.0,11.2,3.0,87.7
13799,Ryan Tannehill,TEN,QB,34.0,12.0,12.0,212.0,325.0,2536.0,13.0,6.0,34.0,98.0,2.9,2.0,0.0,0.0,0.0,0.0,0.0,161.24
2593,Aaron Rodgers,NYJ,QB,38.0,17.0,17.0,350.0,542.0,3695.0,26.0,12.0,34.0,94.0,2.8,1.0,0.0,0.0,0.0,0.0,0.0,239.2
13227,Randall Cobb,NYJ,WR,32.0,13.0,3.0,0.0,0.0,0.0,0.0,0.0,0.0,0.0,0.0,0.0,50.0,34.0,417.0,12.3,1.0,47.7
17009,Trevor Siemian,NYJ,QB,30.0,2.0,1.0,15.0,26.0,184.0,1.0,1.0,4.0,8.0,2.0,0.0,0.0,0.0,0.0,0.0,0.0,10.16
16917,C.J. Uzomah,NYJ,TE,29.0,15.0,13.0,0.0,0.0,0.0,0.0,0.0,0.0,0.0,0.0,0.0,27.0,21.0,232.0,11.0,2.0,35.2
18872,Dalvin Cook,NYJ,RB,27.0,17.0,17.0,0.0,0.0,0.0,0.0,0.0,264.0,1173.0,4.4,8.0,56.0,39.0,295.0,7.6,2.0,198.8
20145,Allen Lazard,NYJ,WR,26.0,15.0,15.0,0.0,0.0,0.0,0.0,0.0,2.0,0.0,0.0,0.0,100.0,60.0,788.0,13.1,6.0,114.8
19988,Tyler Conklin,NYJ,TE,27.0,17.0,16.0,0.0,0.0,0.0,0.0,0.0,2.0,3.0,1.5,0.0,87.0,58.0,552.0,9.5,3.0,73.5
20283,Tim Boyle,NYJ,QB,28.0,1.0,0.0,2.0,8.0,33.0,0.0,2.0,2.0,-2.0,-1.0,0.0,0.0,0.0,0.0,0.0,0.0,-2.88
20788,Mecole Hardman Jr.,NYJ,WR,24.0,8.0,5.0,0.0,0.0,0.0,0.0,0.0,4.0,31.0,7.8,2.0,34.0,25.0,297.0,11.9,4.0,68.8
22495,Zach Wilson,NYJ,QB,23.0,9.0,9.0,132.0,242.0,1688.0,6.0,7.0,28.0,102.0,3.6,1.0,1.0,1.0,2.0,2.0,1.0,97.92
22514,Kenny Yeboah,NYJ,TE,23.0,10.0,0.0,0.0,0.0,0.0,0.0,0.0,0.0,0.0,0.0,0.0,0.0,0.0,0.0,0.0,0.0,0.0
22521,Jeremy Ruckert,NYJ,TE,22.0,9.0,0.0,0.0,0.0,0.0,0.0,0.0,0.0,0.0,0.0,0.0,2.0,1.0,8.0,8.0,0.0,0.8
22526,Breece Hall,NYJ,RB,21.0,7.0,2.0,0.0,0.0,0.0,0.0,0.0,80.0,463.0,5.8,4.0,31.0,19.0,218.0,11.5,1.0,96.1
22553,Michael Carter,NYJ,RB,23.0,16.0,10.0,0.0,0.0,0.0,0.0,0.0,114.0,402.0,3.5,3.0,54.0,41.0,288.0,7.0,0.0,85.0
23122,Garrett Wilson,NYJ,WR,22.0,17.0,12.0,0.0,1.0,0.0,0.0,0.0,4.0,4.0,1.0,0.0,147.0,83.0,1103.0,13.3,4.0,132.7
23962,Irvin Charles,NYJ,WR,25.0,0.0,0.0,0.0,0.0,0.0,0.0,0.0,0.0,0.0,0.0,0.0,0.0,0.0,0.0,0.0,0.0,0.0
23774,Derek Wright,CAR,WR,24.0,0.0,0.0,0.0,0.0,0.0,0.0,0.0,0.0,0.0,0.0,0.0,0.0,0.0,0.0,0.0,0.0,0.0
23355,Teagan Quitoriano,HOU,TE,22.0,9.0,6.0,0.0,0.0,0.0,0.0,0.0,0.0,0.0,0.0,0.0,14.0,7.0,113.0,16.1,2.0,23.3
23160,John Metchie III,HOU,WR,22.0,0.0,0.0,0.0,0.0,0.0,0.0,0.0,0.0,0.0,0.0,0.0,0.0,0.0,0.0,0.0,0.0,0.0
23223,Dameon Pierce,HOU,RB,22.0,13.0,13.0,0.0,0.0,0.0,0.0,0.0,220.0,939.0,4.3,4.0,39.0,30.0,165.0,5.5,1.0,136.4
23298,Raheem Blackshear,CAR,RB,24.0,13.0,1.0,0.0,0.0,0.0,0.0,0.0,23.0,77.0,3.3,3.0,12.0,10.0,93.0,9.3,0.0,33.0
22505,Davis Mills,HOU,QB,24.0,15.0,15.0,292.0,479.0,3118.0,17.0,15.0,32.0,108.0,3.4,2.0,0.0,0.0,0.0,0.0,0.0,181.52
22506,Brevin Jordan,HOU,TE,22.0,11.0,3.0,0.0,0.0,0.0,0.0,0.0,0.0,0.0,0.0,0.0,28.0,14.0,128.0,9.1,0.0,12.8
22620,Mike Strachan,CAR,WR,25.0,13.0,0.0,0.0,0.0,0.0,0.0,0.0,0.0,0.0,0.0,0.0,9.0,3.0,59.0,19.7,0.0,5.9
22600,Johnny Johnson III,HOU,WR,23.0,1.0,0.0,0.0,0.0,0.0,0.0,0.0,0.0,0.0,0.0,0.0,0.0,0.0,0.0,0.0,0.0,0.0
22595,Ihmir Smith-Marsette,CAR,WR,23.0,8.0,0.0,0.0,0.0,0.0,0.0,0.0,1.0,-1.0,-1.0,0.0,4.0,1.0,15.0,15.0,0.0,-0.6
22685,Terrace Marshall Jr.,CAR,WR,22.0,14.0,9.0,0.0,0.0,0.0,0.0,0.0,0.0,0.0,0.0,0.0,47.0,28.0,490.0,17.5,1.0,55.0
22662,Tommy Tremble,CAR,TE,22.0,17.0,4.0,0.0,0.0,0.0,0.0,0.0,0.0,0.0,0.0,0.0,32.0,19.0,174.0,9.2,3.0,33.4
21865,Stephen Sullivan,CAR,TE,25.0,14.0,0.0,0.0,0.0,0.0,0.0,0.0,0.0,0.0,0.0,0.0,6.0,2.0,46.0,23.0,0.0,4.6
21400,Steven Sims,HOU,WR,25.0,12.0,2.0,0.0,0.0,0.0,0.0,0.0,13.0,70.0,5.4,0.0,23.0,14.0,104.0,7.4,0.0,17.4
21732,Giovanni Ricci,CAR,TE,26.0,15.0,3.0,0.0,0.0,0.0,0.0,0.0,0.0,0.0,0.0,0.0,9.0,8.0,100.0,12.5,0.0,10.0
21691,Chuba Hubbard,CAR,RB,23.0,15.0,2.0,0.0,0.0,0.0,0.0,0.0,95.0,466.0,4.9,2.0,17.0,14.0,171.0,12.2,0.0,73.7
21756,Nico Collins,HOU,WR,23.0,10.0,7.0,0.0,0.0,0.0,0.0,0.0,0.0,0.0,0.0,0.0,66.0,37.0,481.0,13.0,2.0,60.1
21697,Laviska Shenault Jr.,CAR,WR,24.0,13.0,4.0,0.0,0.0,0.0,0.0,0.0,9.0,65.0,7.2,1.0,32.0,27.0,272.0,10.1,1.0,45.7
20941,Devin Singletary,HOU,RB,25.0,16.0,16.0,0.0,0.0,0.0,0.0,0.0,177.0,819.0,4.6,5.0,52.0,38.0,280.0,7.4,1.0,139.9
20933,Miles Sanders,CAR,RB,25.0,17.0,15.0,0.0,0.0,0.0,0.0,0.0,259.0,1269.0,4.9,11.0,26.0,20.0,78.0,3.9,0.0,196.7
20159,Mike Boone,HOU,RB,27.0,9.0,0.0,0.0,0.0,0.0,0.0,0.0,24.0,102.0,4.2,0.0,15.0,9.0,96.0,10.7,0.0,19.8
19080,Noah Brown,HOU,WR,26.0,16.0,13.0,0.0,0.0,0.0,0.0,0.0,0.0,0.0,0.0,0.0,73.0,43.0,555.0,12.9,3.0,71.5
19920,Dalton Schultz,HOU,TE,26.0,15.0,15.0,0.0,0.0,0.0,0.0,0.0,0.0,0.0,0.0,0.0,89.0,57.0,577.0,10.1,5.0,85.7
19910,Ian Thomas,CAR,TE,26.0,17.0,17.0,0.0,0.0,0.0,0.0,0.0,0.0,0.0,0.0,0.0,30.0,21.0,197.0,9.4,0.0,19.7
19843,Hayden Hurst,CAR,TE,29.0,13.0,13.0,0.0,0.0,0.0,0.0,0.0,0.0,0.0,0.0,0.0,68.0,52.0,414.0,8.0,2.0,53.4
19816,DJ Chark Jr.,CAR,WR,26.0,11.0,10.0,0.0,0.0,0.0,0.0,0.0,0.0,0.0,0.0,0.0,52.0,30.0,502.0,16.7,3.0,68.2
19626,Dare Ogunbowale,HOU,RB,28.0,17.0,4.0,0.0,0.0,0.0,0.0,0.0,42.0,123.0,2.9,1.0,26.0,20.0,104.0,5.2,0.0,28.7
15694,Case Keenum,HOU,QB,34.0,2.0,0.0,2.0,7.0,8.0,0.0,0.0,5.0,0.0,0.0,0.0,0.0,0.0,0.0,0.0,0.0,0.32
15534,Adam Thielen,CAR,WR,32.0,17.0,17.0,0.0,0.0,0.0,0.0,0.0,1.0,4.0,4.0,0.0,107.0,70.0,716.0,10.2,6.0,110.0
14871,Robert Woods,HOU,WR,30.0,17.0,15.0,0.0,0.0,0.0,0.0,0.0,0.0,0.0,0.0,0.0,91.0,53.0,527.0,9.9,2.0,62.7
12841,Andy Dalton,CAR,QB,34.0,14.0,14.0,252.0,378.0,2871.0,18.0,9.0,30.0,54.0,1.8,0.0,0.0,0.0,0.0,0.0,0.0,174.24
17986,Tyler Boyd,CIN,WR,27.0,16.0,14.0,1.0,1.0,23.0,0.0,0.0,0.0,0.0,0.0,0.0,82.0,58.0,762.0,13.1,5.0,109.12
18858,Joe Mixon,CIN,RB,26.0,14.0,14.0,0.0,0.0,0.0,0.0,0.0,210.0,814.0,3.9,7.0,75.0,60.0,441.0,7.4,2.0,179.5
20506,Tanner Hudson,CIN,TE,27.0,11.0,0.0,0.0,0.0,0.0,0.0,0.0,0.0,0.0,0.0,0.0,15.0,10.0,132.0,13.2,0.0,13.2
20770,Zach Gentry,CIN,TE,26.0,17.0,13.0,0.0,0.0,0.0,0.0,0.0,0.0,0.0,0.0,0.0,23.0,19.0,132.0,6.9,0.0,13.2
20931,Drew Sample,CIN,TE,26.0,2.0,2.0,0.0,0.0,0.0,0.0,0.0,0.0,0.0,0.0,0.0,2.0,2.0,-2.0,-1.0,0.0,-0.2
20886,Stanley Morgan,CIN,WR,26.0,14.0,0.0,0.0,0.0,0.0,0.0,0.0,0.0,0.0,0.0,0.0,1.0,0.0,0.0,0.0,0.0,0.0
20949,Irv Smith Jr.,CIN,TE,24.0,8.0,1.0,0.0,0.0,0.0,0.0,0.0,0.0,0.0,0.0,0.0,36.0,25.0,182.0,7.3,2.0,30.2
21046,Jake Browning,CIN,QB,26.0,0.0,0.0,0.0,0.0,0.0,0.0,0.0,0.0,0.0,0.0,0.0,0.0,0.0,0.0,0.0,0.0,0.0
20990,Trayveon Williams,CIN,RB,25.0,8.0,0.0,0.0,0.0,0.0,0.0,0.0,6.0,30.0,5.0,0.0,3.0,2.0,30.0,15.0,0.0,6.0
21263,Trenton Irwin,CIN,WR,26.0,9.0,2.0,0.0,0.0,0.0,0.0,0.0,1.0,11.0,11.0,0.0,23.0,15.0,231.0,15.4,4.0,48.2
21693,Joe Burrow,CIN,QB,25.0,16.0,16.0,414.0,606.0,4475.0,35.0,12.0,75.0,257.0,3.4,5.0,0.0,0.0,0.0,0.0,0.0,350.7
21690,Tee Higgins,CIN,WR,23.0,16.0,14.0,0.0,0.0,0.0,0.0,0.0,0.0,0.0,0.0,0.0,109.0,74.0,1029.0,13.9,7.0,146.9
21800,Mitchell Wilcox,CIN,TE,25.0,16.0,4.0,0.0,0.0,0.0,0.0,0.0,0.0,0.0,0.0,0.0,18.0,17.0,139.0,8.2,1.0,19.9
22647,Chris Evans,CIN,RB,25.0,12.0,0.0,0.0,0.0,0.0,0.0,0.0,0.0,0.0,0.0,0.0,4.0,3.0,38.0,12.7,1.0,9.8
22533,Demetric Felton Jr.,CIN,RB,24.0,8.0,2.0,0.0,0.0,0.0,0.0,0.0,1.0,-4.0,-4.0,0.0,4.0,2.0,8.0,4.0,0.0,0.4
22564,Ja'Marr Chase,CIN,WR,22.0,12.0,12.0,0.0,0.0,0.0,0.0,0.0,5.0,8.0,1.6,0.0,134.0,87.0,1046.0,12.0,9.0,155.4
23996,Kendric Pryor,CIN,WR,24.0,0.0,0.0,0.0,0.0,0.0,0.0,0.0,0.0,0.0,0.0,0.0,0.0,0.0,0.0,0.0,0.0,0.0
23909,Kwamie Lassiter II,CIN,WR,24.0,1.0,0.0,0.0,0.0,0.0,0.0,0.0,0.0,0.0,0.0,0.0,0.0,0.0,0.0,0.0,0.0,0.0
