PlayerID,Name,Team,Pos,Age,G,GS,P_Cmp,P_Att,P_Yds,P_TD,P_Int,Ru_Att,Ru_Yds,Y/A,R_TD,Tgt,Rec,Re_Yds,Y/R,Re_TD,Total_Pts
23729,Rashid Shaheed,NO,3.0,24.0,12.0,6.0,0.0,0.0,0.0,0.0,0.0,4.0,57.0,14.2,1.0,34.0,28.0,488.0,17.4,2.0,72.5
22565,Chris Olave,NO,3.0,22.0,15.0,9.0,0.0,0.0,0.0,0.0,0.0,0.0,0.0,0.0,0.0,119.0,72.0,1042.0,14.5,4.0,126.2
22490,Trevor Lawrence,JAX,1.0,23.0,17.0,17.0,387.0,584.0,4113.0,25.0,8.0,62.0,291.0,4.7,5.0,0.0,0.0,0.0,0.0,0.0,295.62
21773,Eno Benjamin,NO,2.0,23.0,15.0,3.0,0.0,0.0,0.0,0.0,0.0,77.0,313.0,4.1,2.0,34.0,25.0,193.0,7.7,0.0,64.6
21765,JaMycal Hasty,JAX,2.0,26.0,17.0,0.0,0.0,0.0,0.0,0.0,0.0,46.0,194.0,4.2,2.0,26.0,20.0,126.0,6.3,1.0,50.0
21738,Juwan Johnson,NO,4.0,26.0,16.0,12.0,0.0,0.0,0.0,0.0,0.0,0.0,0.0,0.0,0.0,65.0,42.0,508.0,12.1,7.0,92.8
21696,Travis Etienne Jr.,JAX,2.0,23.0,17.0,12.0,0.0,0.0,0.0,0.0,0.0,220.0,1125.0,5.1,5.0,45.0,35.0,316.0,9.0,0.0,170.1
20884,Foster Moreau,NO,4.0,25.0,15.0,14.0,0.0,0.0,0.0,0.0,0.0,0.0,2.0,0.0,0.0,54.0,33.0,420.0,12.7,2.0,52.2
19815,Christian Kirk,JAX,3.0,25.0,17.0,17.0,0.0,1.0,0.0,0.0,0.0,5.0,11.0,2.2,0.0,133.0,84.0,1108.0,13.2,8.0,157.9
19238,Taysom Hill,NO,1.0,32.0,16.0,8.0,13.0,19.0,240.0,2.0,0.0,96.0,575.0,6.0,7.0,13.0,9.0,77.0,8.6,2.0,136.8
19044,Jamal Agnew,JAX,3.0,27.0,15.0,0.0,0.0,0.0,0.0,0.0,0.0,12.0,86.0,7.2,0.0,30.0,23.0,187.0,8.1,3.0,47.3
18995,Jamaal Williams,NO,2.0,27.0,17.0,9.0,0.0,0.0,0.0,0.0,0.0,262.0,1066.0,4.1,17.0,16.0,12.0,73.0,6.1,0.0,213.9
18926,Zay Jones,JAX,3.0,27.0,16.0,15.0,0.0,0.0,0.0,0.0,0.0,4.0,18.0,4.5,0.0,121.0,82.0,823.0,10.0,5.0,116.1
18912,Evan Engram,JAX,4.0,28.0,17.0,14.0,0.0,0.0,0.0,0.0,0.0,2.0,13.0,6.5,0.0,98.0,73.0,766.0,10.5,4.0,103.9
18878,Alvin Kamara,NO,2.0,27.0,15.0,13.0,0.0,0.0,0.0,0.0,0.0,223.0,897.0,4.0,2.0,77.0,57.0,490.0,8.6,2.0,154.7
17960,Michael Thomas,NO,3.0,29.0,3.0,3.0,0.0,0.0,0.0,0.0,0.0,0.0,0.0,0.0,0.0,22.0,16.0,171.0,10.7,3.0,35.1
16762,Jameis Winston,NO,1.0,28.0,3.0,3.0,73.0,115.0,858.0,4.0,5.0,5.0,16.0,3.2,0.0,0.0,0.0,0.0,0.0,0.0,43.92
16311,Derek Carr,NO,1.0,31.0,15.0,15.0,305.0,502.0,3522.0,24.0,14.0,24.0,102.0,4.2,0.0,0.0,0.0,0.0,0.0,0.0,219.08
16041,Jimmy Garoppolo,LV,1.0,30.0,11.0,10.0,207.0,308.0,2437.0,16.0,4.0,23.0,33.0,1.4,2.0,0.0,0.0,0.0,0.0,0.0,164.78
16470,Davante Adams,LV,3.0,29.0,17.0,17.0,0.0,0.0,0.0,0.0,0.0,3.0,-1.0,-0.3,0.0,180.0,100.0,1516.0,15.2,14.0,235.5
17218,DeAndre Carter,LV,3.0,29.0,17.0,7.0,0.0,0.0,0.0,0.0,0.0,2.0,-15.0,-7.5,0.0,65.0,46.0,538.0,11.7,3.0,66.3
17963,Austin Hooper,LV,4.0,27.0,17.0,2.0,0.0,0.0,0.0,0.0,0.0,0.0,0.0,0.0,0.0,60.0,41.0,444.0,10.8,2.0,56.4
18957,D'Onta Foreman,CHI,2.0,26.0,17.0,9.0,0.0,0.0,0.0,0.0,0.0,203.0,914.0,4.5,5.0,9.0,5.0,26.0,5.2,0.0,126.0
19491,Robert Tonyan,CHI,4.0,28.0,17.0,3.0,0.0,0.0,0.0,0.0,0.0,0.0,0.0,0.0,0.0,67.0,53.0,470.0,8.9,2.0,59.0
19844,DJ Moore,CHI,3.0,25.0,17.0,17.0,0.0,0.0,0.0,0.0,0.0,10.0,53.0,5.3,0.0,118.0,63.0,888.0,14.1,7.0,136.1
20398,Equanimeous St. Brown,CHI,3.0,26.0,16.0,16.0,0.0,0.0,0.0,0.0,0.0,6.0,54.0,9.0,0.0,38.0,21.0,323.0,15.4,1.0,43.7
20824,Josh Jacobs,LV,2.0,24.0,17.0,17.0,0.0,0.0,0.0,0.0,0.0,340.0,1653.0,4.9,12.0,64.0,53.0,400.0,7.5,0.0,275.3
20876,Jakobi Meyers,LV,3.0,25.0,14.0,13.0,0.0,0.0,0.0,0.0,0.0,2.0,-11.0,-5.5,0.0,96.0,67.0,804.0,12.0,6.0,113.3
20924,Hunter Renfrow,LV,3.0,26.0,10.0,1.0,0.0,0.0,0.0,0.0,0.0,0.0,0.0,0.0,0.0,50.0,36.0,330.0,9.2,2.0,43.0
21772,Cole Kmet,CHI,4.0,23.0,17.0,17.0,0.0,0.0,0.0,0.0,0.0,2.0,9.0,4.5,0.0,69.0,50.0,544.0,10.9,7.0,97.3
21961,Darnell Mooney,CHI,3.0,24.0,12.0,12.0,0.0,0.0,0.0,0.0,0.0,1.0,2.0,2.0,0.0,61.0,40.0,493.0,12.3,2.0,61.5
22492,Justin Fields,CHI,1.0,23.0,15.0,15.0,192.0,318.0,2242.0,17.0,11.0,160.0,1143.0,7.1,8.0,0.0,0.0,0.0,0.0,0.0,295.98
22563,Khalil Herbert,CHI,2.0,24.0,13.0,1.0,0.0,0.0,0.0,0.0,0.0,129.0,731.0,5.7,4.0,12.0,9.0,57.0,6.3,1.0,108.8
23490,Jelani Woods,IND,4.0,24.0,15.0,2.0,0.0,0.0,0.0,0.0,0.0,0.0,0.0,0.0,0.0,40.0,25.0,312.0,12.5,3.0,49.2
23232,Alec Pierce,IND,3.0,22.0,16.0,12.0,0.0,0.0,0.0,0.0,0.0,0.0,0.0,0.0,0.0,78.0,41.0,593.0,14.5,2.0,71.3
22823,Kylen Granson,IND,4.0,24.0,13.0,4.0,0.0,0.0,0.0,0.0,0.0,1.0,0.0,0.0,0.0,40.0,31.0,302.0,9.7,0.0,30.2
22674,Deon Jackson,CLE,2.0,23.0,16.0,2.0,0.0,0.0,0.0,0.0,0.0,68.0,236.0,3.5,1.0,34.0,30.0,209.0,7.0,1.0,54.5
22592,Elijah Moore,CLE,3.0,22.0,16.0,9.0,0.0,0.0,0.0,0.0,0.0,5.0,5.0,1.0,0.0,65.0,37.0,446.0,12.1,1.0,51.1
21815,Sam Ehlinger,IND,1.0,24.0,4.0,3.0,64.0,101.0,573.0,3.0,3.0,17.0,87.0,5.1,0.0,0.0,0.0,0.0,0.0,0.0,35.62
21783,Harrison Bryant,CLE,4.0,24.0,17.0,9.0,0.0,0.0,0.0,0.0,0.0,1.0,8.0,8.0,0.0,42.0,31.0,239.0,7.7,1.0,30.7
21784,Zack Moss,IND,2.0,24.0,13.0,3.0,0.0,0.0,0.0,0.0,0.0,93.0,456.0,4.9,1.0,13.0,11.0,39.0,3.5,0.0,53.5
21744,Michael Pittman Jr.,IND,3.0,25.0,16.0,16.0,0.0,0.0,0.0,0.0,0.0,3.0,30.0,10.0,0.0,141.0,99.0,925.0,9.3,4.0,117.5
21754,Donovan Peoples-Jones,CLE,3.0,23.0,17.0,14.0,0.0,0.0,0.0,0.0,0.0,1.0,2.0,2.0,0.0,96.0,61.0,839.0,13.8,3.0,100.1
21682,Jonathan Taylor,IND,2.0,23.0,11.0,11.0,0.0,0.0,0.0,0.0,0.0,192.0,861.0,4.5,4.0,40.0,28.0,143.0,5.1,0.0,118.4
20880,Gardner Minshew,IND,1.0,26.0,5.0,2.0,44.0,76.0,663.0,3.0,3.0,7.0,3.0,0.4,1.0,0.0,0.0,0.0,0.0,0.0,36.82
19903,Jordan Akins,CLE,4.0,30.0,15.0,3.0,0.0,0.0,0.0,0.0,0.0,0.0,0.0,0.0,0.0,54.0,37.0,495.0,13.4,5.0,79.5
19798,Nick Chubb,CLE,2.0,26.0,17.0,17.0,0.0,0.0,0.0,0.0,0.0,302.0,1525.0,5.0,12.0,37.0,27.0,239.0,8.9,1.0,254.4
19191,P.J. Walker,CLE,1.0,27.0,6.0,5.0,63.0,106.0,731.0,3.0,3.0,6.0,39.0,6.5,0.0,0.0,0.0,0.0,0.0,0.0,39.14
19043,Isaiah McKenzie,IND,3.0,27.0,15.0,8.0,0.0,0.0,0.0,0.0,0.0,9.0,55.0,6.1,1.0,65.0,42.0,423.0,10.1,4.0,77.8
18944,Kareem Hunt,CLE,2.0,27.0,17.0,0.0,0.0,0.0,0.0,0.0,0.0,123.0,468.0,3.8,3.0,44.0,35.0,210.0,6.0,1.0,91.8
18876,David Njoku,CLE,4.0,26.0,14.0,14.0,0.0,0.0,0.0,0.0,0.0,2.0,-8.0,-4.0,0.0,80.0,58.0,628.0,10.8,4.0,84.0
18857,Deshaun Watson,CLE,1.0,27.0,6.0,6.0,99.0,170.0,1102.0,7.0,5.0,36.0,175.0,4.9,1.0,0.0,0.0,0.0,0.0,0.0,85.58
18900,Mo Alie-Cox,IND,4.0,29.0,17.0,11.0,0.0,0.0,0.0,0.0,0.0,0.0,0.0,0.0,0.0,28.0,19.0,189.0,9.9,3.0,34.9
16765,Amari Cooper,CLE,3.0,28.0,17.0,17.0,0.0,1.0,0.0,0.0,1.0,0.0,0.0,0.0,0.0,132.0,78.0,1160.0,14.9,9.0,168.0
14865,Marquise Goodwin,CLE,3.0,31.0,13.0,2.0,0.0,0.0,0.0,0.0,0.0,2.0,5.0,2.5,0.0,42.0,27.0,387.0,14.3,4.0,63.2
15071,Latavius Murray,BUF,2.0,32.0,13.0,7.0,0.0,0.0,0.0,0.0,0.0,171.0,760.0,4.4,6.0,35.0,27.0,132.0,4.9,0.0,127.2
16775,DeVante Parker,NE,3.0,29.0,13.0,11.0,0.0,0.0,0.0,0.0,0.0,0.0,0.0,0.0,0.0,47.0,31.0,539.0,17.4,3.0,71.9
16906,Stefon Diggs,BUF,3.0,28.0,16.0,16.0,0.0,0.0,0.0,0.0,0.0,1.0,-3.0,-3.0,0.0,154.0,108.0,1429.0,13.2,11.0,208.6
17923,Ezekiel Elliott,NE,2.0,27.0,15.0,14.0,0.0,0.0,0.0,0.0,0.0,231.0,876.0,3.8,12.0,23.0,17.0,92.0,5.4,0.0,168.8
17975,Hunter Henry,NE,4.0,27.0,17.0,14.0,0.0,0.0,0.0,0.0,0.0,0.0,0.0,0.0,0.0,59.0,41.0,509.0,12.4,2.0,62.9
18883,JuJu Smith-Schuster,NE,3.0,25.0,16.0,14.0,0.0,0.0,0.0,0.0,0.0,0.0,0.0,0.0,0.0,101.0,78.0,933.0,12.0,3.0,107.3
19318,Kendrick Bourne,NE,3.0,27.0,16.0,2.0,0.0,0.0,0.0,0.0,0.0,6.0,39.0,6.5,0.0,48.0,35.0,434.0,12.4,1.0,53.3
19801,Josh Allen,BUF,1.0,26.0,16.0,16.0,359.0,567.0,4283.0,35.0,14.0,124.0,762.0,6.1,7.0,0.0,0.0,0.0,0.0,0.0,395.52
19853,Mike Gesicki,NE,4.0,27.0,17.0,1.0,0.0,0.0,0.0,0.0,0.0,0.0,0.0,0.0,0.0,52.0,32.0,362.0,11.3,5.0,66.2
19912,Nyheim Hines,BUF,2.0,25.0,16.0,5.0,0.0,0.0,0.0,0.0,0.0,24.0,33.0,1.4,1.0,37.0,30.0,241.0,8.0,1.0,39.4
20081,Trent Sherfield,BUF,3.0,26.0,17.0,4.0,0.0,0.0,0.0,0.0,0.0,0.0,0.0,0.0,0.0,51.0,30.0,417.0,13.9,2.0,53.7
20837,Ty Johnson,BUF,2.0,25.0,17.0,1.0,0.0,0.0,0.0,0.0,0.0,30.0,160.0,5.3,1.0,24.0,12.0,88.0,7.3,0.0,30.8
20850,Dawson Knox,BUF,4.0,25.0,15.0,15.0,0.0,0.0,0.0,0.0,0.0,0.0,0.0,0.0,0.0,65.0,48.0,517.0,10.8,6.0,87.7
20790,Damien Harris,BUF,2.0,25.0,13.0,9.0,0.0,0.0,0.0,0.0,0.0,106.0,462.0,4.4,3.0,23.0,17.0,97.0,5.7,0.0,73.9
21735,Gabe Davis,BUF,3.0,23.0,15.0,15.0,0.0,0.0,0.0,0.0,0.0,0.0,0.0,0.0,0.0,93.0,48.0,836.0,17.4,7.0,123.6
22546,Rhamondre Stevenson,NE,2.0,24.0,17.0,7.0,0.0,0.0,0.0,0.0,0.0,210.0,1040.0,5.0,5.0,88.0,69.0,421.0,6.1,1.0,180.1
22496,Mac Jones,NE,1.0,24.0,14.0,14.0,288.0,442.0,2997.0,14.0,11.0,47.0,102.0,2.2,1.0,0.0,0.0,0.0,0.0,0.0,170.08
23247,James Cook,BUF,2.0,23.0,16.0,0.0,0.0,0.0,0.0,0.0,0.0,89.0,507.0,5.7,2.0,32.0,21.0,180.0,8.6,1.0,84.7
23267,Bailey Zappe,NE,1.0,23.0,4.0,2.0,65.0,92.0,781.0,5.0,3.0,10.0,0.0,0.0,0.0,1.0,1.0,-6.0,-6.0,0.0,38.64
23469,Tyquan Thornton,NE,3.0,22.0,13.0,9.0,0.0,0.0,0.0,0.0,0.0,3.0,16.0,5.3,1.0,45.0,22.0,247.0,11.2,2.0,44.3
23485,Daniel Bellinger,NYG,4.0,22.0,12.0,11.0,0.0,0.0,0.0,0.0,0.0,1.0,2.0,2.0,1.0,35.0,30.0,268.0,8.9,2.0,45.0
23190,Brian Robinson Jr.,WAS,2.0,23.0,12.0,9.0,0.0,0.0,0.0,0.0,0.0,205.0,797.0,3.9,2.0,12.0,9.0,60.0,6.7,1.0,103.7
23155,Jahan Dotson,WAS,3.0,22.0,12.0,10.0,0.0,0.0,0.0,0.0,0.0,2.0,-7.0,-3.5,0.0,61.0,35.0,523.0,14.9,7.0,95.6
21861,Antonio Gibson,WAS,2.0,24.0,15.0,6.0,0.0,0.0,0.0,0.0,0.0,149.0,546.0,3.7,3.0,58.0,46.0,353.0,7.7,2.0,119.9
21760,Isaiah Hodgins,NYG,3.0,24.0,10.0,5.0,0.0,0.0,0.0,0.0,0.0,0.0,0.0,0.0,0.0,48.0,37.0,392.0,10.6,4.0,63.2
21005,Parris Campbell,NYG,3.0,25.0,17.0,16.0,0.0,0.0,0.0,0.0,0.0,5.0,58.0,11.6,0.0,91.0,63.0,623.0,9.9,3.0,86.1
20943,Darius Slayton,NYG,3.0,25.0,16.0,11.0,0.0,0.0,0.0,0.0,0.0,0.0,0.0,0.0,0.0,71.0,46.0,724.0,15.7,2.0,82.4
20841,Daniel Jones,NYG,1.0,25.0,16.0,16.0,317.0,472.0,3205.0,15.0,5.0,120.0,708.0,5.9,7.0,0.0,0.0,0.0,0.0,0.0,289.0
20873,Terry McLaurin,WAS,3.0,27.0,17.0,17.0,0.0,0.0,0.0,0.0,0.0,7.0,29.0,4.1,0.0,120.0,77.0,1191.0,15.5,5.0,152.0
19766,Saquon Barkley,NYG,2.0,25.0,16.0,16.0,0.0,0.0,0.0,0.0,0.0,295.0,1312.0,4.4,10.0,76.0,57.0,338.0,5.9,0.0,227.0
19319,Matt Breida,NYG,2.0,27.0,17.0,1.0,0.0,0.0,0.0,0.0,0.0,54.0,220.0,4.1,1.0,25.0,20.0,118.0,5.9,0.0,39.8
18928,Curtis Samuel,WAS,3.0,26.0,17.0,12.0,0.0,0.0,0.0,0.0,0.0,38.0,187.0,4.9,1.0,92.0,64.0,656.0,10.2,4.0,112.3
18018,Jacoby Brissett,WAS,1.0,29.0,16.0,11.0,236.0,369.0,2608.0,12.0,6.0,49.0,243.0,5.0,2.0,0.0,0.0,0.0,0.0,0.0,168.62
16964,Darren Waller,NYG,4.0,30.0,9.0,6.0,0.0,0.0,0.0,0.0,0.0,0.0,0.0,0.0,0.0,43.0,28.0,388.0,13.9,3.0,56.8
16656,Logan Thomas,WAS,4.0,31.0,14.0,13.0,0.0,0.0,0.0,0.0,0.0,0.0,0.0,0.0,0.0,61.0,39.0,323.0,8.3,1.0,38.3
15150,Cordarrelle Patterson,ATL,2.0,31.0,13.0,11.0,0.0,0.0,0.0,0.0,0.0,144.0,695.0,4.8,8.0,31.0,21.0,122.0,5.8,0.0,127.7
16597,Mike Evans,TB,3.0,29.0,15.0,15.0,0.0,0.0,0.0,0.0,0.0,0.0,0.0,0.0,0.0,127.0,77.0,1124.0,14.6,6.0,148.4
16903,MyCole Pruitt,ATL,4.0,30.0,13.0,4.0,0.0,0.0,0.0,0.0,0.0,0.0,0.0,0.0,0.0,21.0,16.0,150.0,9.4,4.0,39.0
17179,Taylor Heinicke,ATL,1.0,29.0,9.0,9.0,161.0,259.0,1859.0,12.0,6.0,28.0,96.0,3.4,1.0,0.0,0.0,0.0,0.0,0.0,115.96
18880,Chris Godwin,TB,3.0,26.0,15.0,13.0,0.0,0.0,0.0,0.0,0.0,3.0,5.0,1.7,0.0,142.0,104.0,1023.0,9.8,3.0,118.8
19023,Mack Hollins,ATL,3.0,29.0,17.0,16.0,1.0,1.0,4.0,0.0,0.0,4.0,40.0,10.0,0.0,94.0,57.0,690.0,12.1,4.0,97.16
19790,Baker Mayfield,TB,1.0,27.0,12.0,10.0,201.0,335.0,2163.0,10.0,8.0,31.0,89.0,2.9,1.0,0.0,0.0,0.0,0.0,0.0,121.42
19919,Chase Edmonds,TB,2.0,26.0,13.0,3.0,0.0,0.0,0.0,0.0,0.0,68.0,245.0,3.6,2.0,24.0,16.0,157.0,9.8,1.0,58.2
20006,Russell Gage,TB,3.0,26.0,13.0,4.0,0.0,0.0,0.0,0.0,0.0,0.0,0.0,0.0,0.0,70.0,51.0,426.0,8.4,5.0,72.6
21739,Van Jefferson,ATL,3.0,26.0,11.0,9.0,0.0,0.0,0.0,0.0,0.0,0.0,0.0,0.0,0.0,44.0,24.0,369.0,15.4,3.0,54.9
22502,Desmond Ridder,ATL,1.0,23.0,4.0,4.0,73.0,115.0,708.0,2.0,0.0,16.0,64.0,4.0,0.0,0.0,0.0,0.0,0.0,0.0,38.72
22508,Kyle Pitts,ATL,4.0,22.0,10.0,10.0,0.0,0.0,0.0,0.0,0.0,0.0,0.0,0.0,0.0,59.0,28.0,356.0,12.7,2.0,47.6
23250,Tyler Allgeier,ATL,2.0,22.0,16.0,7.0,0.0,0.0,0.0,0.0,0.0,210.0,1035.0,4.9,3.0,17.0,16.0,139.0,8.7,1.0,143.4
23151,Drake London,ATL,3.0,21.0,17.0,15.0,0.0,0.0,0.0,0.0,0.0,0.0,0.0,0.0,0.0,117.0,72.0,866.0,12.0,4.0,106.6
23134,Cade Otton,TB,4.0,23.0,16.0,11.0,0.0,0.0,0.0,0.0,0.0,0.0,0.0,0.0,0.0,65.0,42.0,391.0,9.3,2.0,51.1
23217,Rachaad White,TB,2.0,23.0,17.0,8.0,0.0,0.0,0.0,0.0,0.0,129.0,481.0,3.7,1.0,58.0,50.0,290.0,5.8,2.0,89.1
23847,Zonovan Knight,DET,2.0,21.0,7.0,4.0,0.0,0.0,0.0,0.0,0.0,85.0,300.0,3.5,1.0,14.0,13.0,100.0,7.7,0.0,46.0
23256,Isaiah Likely,BAL,4.0,22.0,16.0,2.0,0.0,0.0,0.0,0.0,0.0,0.0,0.0,0.0,0.0,60.0,36.0,373.0,10.4,3.0,55.3
23084,Shane Zylstra,DET,4.0,25.0,13.0,2.0,0.0,0.0,0.0,0.0,0.0,0.0,0.0,0.0,0.0,15.0,11.0,60.0,5.5,4.0,30.0
23010,Brock Wright,DET,4.0,23.0,17.0,10.0,0.0,0.0,0.0,0.0,0.0,0.0,0.0,0.0,0.0,24.0,18.0,216.0,12.0,4.0,45.6
22587,Amon-Ra St. Brown,DET,3.0,23.0,16.0,16.0,0.0,0.0,0.0,0.0,0.0,9.0,95.0,10.6,0.0,146.0,106.0,1161.0,11.0,6.0,161.6
22623,Rashod Bateman,BAL,3.0,22.0,6.0,5.0,0.0,0.0,0.0,0.0,0.0,0.0,0.0,0.0,0.0,28.0,15.0,285.0,19.0,2.0,38.5
21810,Tyler Huntley,BAL,1.0,24.0,6.0,4.0,75.0,112.0,658.0,2.0,3.0,43.0,137.0,3.2,1.0,0.0,0.0,0.0,0.0,0.0,50.02
21721,Devin Duvernay,BAL,3.0,25.0,14.0,13.0,0.0,0.0,0.0,0.0,0.0,12.0,84.0,7.0,1.0,49.0,37.0,407.0,11.0,3.0,73.1
21674,J.K. Dobbins,BAL,2.0,23.0,8.0,8.0,0.0,0.0,0.0,0.0,0.0,92.0,520.0,5.7,2.0,8.0,7.0,42.0,6.0,1.0,74.2
20802,Justice Hill,BAL,2.0,24.0,15.0,0.0,0.0,0.0,0.0,0.0,0.0,49.0,262.0,5.3,0.0,12.0,12.0,58.0,4.8,0.0,30.0
20882,David Montgomery,DET,2.0,25.0,16.0,16.0,0.0,0.0,0.0,0.0,0.0,201.0,801.0,4.0,5.0,40.0,34.0,316.0,9.3,1.0,143.7
20239,Gus Edwards,BAL,2.0,27.0,9.0,4.0,0.0,0.0,0.0,0.0,0.0,87.0,433.0,5.0,3.0,2.0,0.0,0.0,0.0,0.0,59.3
19781,Lamar Jackson,BAL,1.0,25.0,12.0,12.0,203.0,326.0,2242.0,17.0,7.0,112.0,764.0,6.8,3.0,0.0,0.0,0.0,0.0,0.0,236.08
19803,Mark Andrews,BAL,4.0,27.0,15.0,15.0,0.0,0.0,0.0,0.0,0.0,3.0,8.0,2.7,0.0,113.0,73.0,847.0,11.6,5.0,117.5
19017,Josh Reynolds,DET,3.0,27.0,14.0,11.0,0.0,0.0,0.0,0.0,0.0,0.0,0.0,0.0,0.0,59.0,38.0,479.0,12.6,3.0,65.9
18422,Kalif Raymond,DET,3.0,28.0,17.0,7.0,0.0,0.0,0.0,0.0,0.0,7.0,36.0,5.1,0.0,64.0,47.0,616.0,13.1,0.0,63.2
17922,Jared Goff,DET,1.0,28.0,17.0,17.0,382.0,587.0,4438.0,29.0,7.0,29.0,73.0,2.5,0.0,1.0,1.0,5.0,5.0,0.0,283.32
16781,Nelson Agholor,BAL,3.0,29.0,16.0,7.0,0.0,0.0,0.0,0.0,0.0,0.0,0.0,0.0,0.0,53.0,31.0,362.0,11.7,2.0,44.2
16776,Melvin Gordon III,BAL,2.0,29.0,10.0,6.0,0.0,0.0,0.0,0.0,0.0,90.0,318.0,3.5,2.0,32.0,25.0,223.0,8.9,0.0,62.1
16497,Teddy Bridgewater,DET,1.0,29.0,5.0,2.0,49.0,79.0,683.0,4.0,4.0,3.0,27.0,9.0,0.0,0.0,0.0,0.0,0.0,0.0,38.02
13870,Marvin Jones Jr.,DET,3.0,32.0,16.0,10.0,0.0,0.0,0.0,0.0,0.0,0.0,0.0,0.0,0.0,81.0,46.0,529.0,11.5,3.0,70.9
9038,Matthew Stafford,LAR,1.0,34.0,9.0,9.0,206.0,303.0,2087.0,10.0,8.0,13.0,9.0,0.7,1.0,0.0,0.0,0.0,0.0,0.0,108.38
16263,Allen Robinson II,PIT,3.0,29.0,10.0,10.0,0.0,0.0,0.0,0.0,0.0,0.0,0.0,0.0,0.0,52.0,33.0,339.0,10.3,3.0,51.9
18047,Demarcus Robinson,LAR,3.0,28.0,17.0,5.0,0.0,0.0,0.0,0.0,0.0,0.0,0.0,0.0,0.0,75.0,48.0,458.0,9.5,2.0,55.8
18032,Tyler Higbee,LAR,4.0,29.0,17.0,17.0,0.0,0.0,0.0,0.0,0.0,0.0,0.0,0.0,0.0,108.0,72.0,620.0,8.6,3.0,80.0
18811,Mitch Trubisky,PIT,1.0,28.0,7.0,5.0,117.0,180.0,1252.0,4.0,5.0,19.0,38.0,2.0,2.0,0.0,0.0,0.0,0.0,0.0,73.88
18882,Cooper Kupp,LAR,3.0,29.0,9.0,9.0,0.0,1.0,0.0,0.0,0.0,9.0,52.0,5.8,1.0,98.0,75.0,812.0,10.8,6.0,126.4
20798,Darrell Henderson Jr.,LAR,2.0,25.0,10.0,7.0,0.0,0.0,0.0,0.0,0.0,70.0,283.0,4.0,3.0,22.0,17.0,102.0,6.0,0.0,56.5
21077,Diontae Johnson,PIT,3.0,26.0,17.0,17.0,0.0,0.0,0.0,0.0,0.0,7.0,25.0,3.6,0.0,147.0,86.0,882.0,10.3,0.0,94.7
21768,Najee Harris,PIT,2.0,24.0,17.0,17.0,1.0,1.0,4.0,0.0,0.0,272.0,1034.0,3.8,7.0,53.0,41.0,229.0,5.6,3.0,182.46
22590,Ben Skowronek,LAR,3.0,25.0,14.0,11.0,0.0,0.0,0.0,0.0,0.0,1.0,17.0,17.0,1.0,61.0,39.0,376.0,9.6,0.0,45.3
22602,Tutu Atwell,LAR,3.0,23.0,13.0,4.0,0.0,0.0,0.0,0.0,0.0,9.0,34.0,3.8,1.0,35.0,18.0,298.0,16.6,1.0,45.2
22501,Kenny Pickett,PIT,1.0,24.0,13.0,12.0,245.0,389.0,2404.0,7.0,9.0,55.0,237.0,4.3,3.0,0.0,0.0,0.0,0.0,0.0,149.86
22507,Pat Freiermuth,PIT,4.0,24.0,16.0,8.0,0.0,0.0,0.0,0.0,0.0,0.0,0.0,0.0,0.0,98.0,63.0,732.0,11.6,2.0,85.2
23153,George Pickens,PIT,3.0,21.0,17.0,12.0,0.0,0.0,0.0,0.0,0.0,3.0,24.0,8.0,1.0,84.0,52.0,801.0,15.4,4.0,114.5
23479,Jaylen Warren,PIT,2.0,23.0,16.0,0.0,0.0,0.0,0.0,0.0,0.0,77.0,379.0,4.9,1.0,33.0,28.0,214.0,7.6,0.0,65.3
23214,Kenneth Walker III,SEA,2.0,22.0,15.0,11.0,0.0,0.0,0.0,0.0,0.0,228.0,1050.0,4.6,9.0,35.0,27.0,165.0,6.1,0.0,175.5
23251,Trey McBride,ARI,4.0,22.0,16.0,13.0,0.0,0.0,0.0,0.0,0.0,0.0,0.0,0.0,0.0,39.0,29.0,265.0,9.1,1.0,32.5
22626,Rondale Moore,ARI,3.0,22.0,8.0,8.0,0.0,0.0,0.0,0.0,0.0,6.0,-5.0,-0.8,0.0,56.0,41.0,414.0,10.1,1.0,46.9
21807,Colby Parkinson,SEA,4.0,23.0,17.0,2.0,0.0,0.0,0.0,0.0,0.0,0.0,0.0,0.0,0.0,34.0,25.0,322.0,12.9,2.0,44.2
21071,Greg Dortch,ARI,3.0,24.0,16.0,4.0,0.0,0.0,0.0,0.0,0.0,7.0,44.0,6.3,0.0,64.0,52.0,467.0,9.0,2.0,61.1
21045,Marquise Brown,ARI,3.0,25.0,12.0,10.0,0.0,0.0,0.0,0.0,0.0,1.0,1.0,1.0,0.0,107.0,67.0,709.0,10.6,3.0,89.0
20889,Kyler Murray,ARI,1.0,25.0,11.0,11.0,259.0,390.0,2368.0,14.0,7.0,67.0,418.0,6.2,3.0,0.0,0.0,0.0,0.0,0.0,200.52
20875,DK Metcalf,SEA,3.0,24.0,17.0,17.0,0.0,0.0,0.0,0.0,0.0,0.0,0.0,0.0,0.0,141.0,90.0,1048.0,11.6,6.0,136.8
20753,Noah Fant,SEA,4.0,24.0,17.0,16.0,0.0,0.0,0.0,0.0,0.0,0.0,0.0,0.0,0.0,63.0,50.0,486.0,9.7,4.0,72.6
19950,Will Dissly,SEA,4.0,26.0,15.0,15.0,0.0,0.0,0.0,0.0,0.0,0.0,0.0,0.0,0.0,38.0,34.0,349.0,10.3,3.0,52.9
18983,James Conner,ARI,2.0,27.0,13.0,13.0,0.0,0.0,0.0,0.0,0.0,183.0,782.0,4.3,7.0,58.0,46.0,300.0,6.5,1.0,154.2
18998,Marlon Mack,ARI,2.0,26.0,8.0,0.0,0.0,0.0,0.0,0.0,0.0,16.0,84.0,5.2,1.0,10.0,8.0,99.0,12.4,1.0,30.3
16830,Tyler Lockett,SEA,3.0,30.0,16.0,16.0,0.0,0.0,0.0,0.0,0.0,0.0,0.0,0.0,0.0,117.0,84.0,1033.0,12.3,9.0,153.3
14856,Zach Ertz,ARI,4.0,31.0,10.0,10.0,0.0,0.0,0.0,0.0,0.0,0.0,0.0,0.0,0.0,69.0,47.0,406.0,8.6,4.0,68.6
14895,Geno Smith,SEA,1.0,32.0,17.0,17.0,399.0,572.0,4282.0,30.0,11.0,68.0,366.0,5.4,1.0,0.0,0.0,0.0,0.0,0.0,303.88
14536,Russell Wilson,DEN,1.0,33.0,15.0,15.0,292.0,483.0,3524.0,16.0,11.0,55.0,277.0,5.0,3.0,1.0,1.0,1.0,1.0,0.0,224.76
16790,Phillip Dorsett,DEN,3.0,29.0,15.0,4.0,0.0,1.0,0.0,0.0,0.0,0.0,0.0,0.0,0.0,40.0,20.0,257.0,12.8,1.0,31.7
18993,Samaje Perine,DEN,2.0,27.0,16.0,2.0,0.0,0.0,0.0,0.0,0.0,95.0,394.0,4.1,2.0,51.0,38.0,287.0,7.6,4.0,104.1
19045,Aaron Jones,GB,2.0,27.0,17.0,17.0,0.0,0.0,0.0,0.0,0.0,213.0,1121.0,5.3,2.0,72.0,59.0,395.0,6.7,5.0,189.6
19800,Courtland Sutton,DEN,3.0,27.0,15.0,15.0,0.0,0.0,0.0,0.0,0.0,1.0,5.0,5.0,0.0,109.0,64.0,829.0,13.0,2.0,95.4
19897,Tre'Quan Smith,DEN,3.0,26.0,15.0,6.0,0.0,0.0,0.0,0.0,0.0,0.0,0.0,0.0,0.0,27.0,19.0,278.0,14.6,1.0,33.8
20954,Jarrett Stidham,DEN,1.0,26.0,5.0,2.0,53.0,83.0,656.0,4.0,3.0,14.0,84.0,6.0,0.0,0.0,0.0,0.0,0.0,0.0,42.64
21692,Jerry Jeudy,DEN,3.0,23.0,15.0,14.0,0.0,0.0,0.0,0.0,0.0,4.0,40.0,10.0,0.0,100.0,67.0,972.0,14.5,6.0,137.2
21802,AJ Dillon,GB,2.0,24.0,17.0,3.0,0.0,0.0,0.0,0.0,0.0,186.0,770.0,4.1,7.0,43.0,28.0,206.0,7.4,0.0,139.6
21970,James Robinson,GB,2.0,24.0,11.0,5.0,0.0,0.0,0.0,0.0,0.0,110.0,425.0,3.9,3.0,14.0,11.0,51.0,4.6,2.0,77.6
23310,Greg Dulcich,DEN,4.0,22.0,10.0,6.0,0.0,0.0,0.0,0.0,0.0,0.0,0.0,0.0,0.0,55.0,33.0,411.0,12.5,2.0,53.1
23167,Romeo Doubs,GB,3.0,22.0,13.0,7.0,0.0,0.0,0.0,0.0,0.0,1.0,11.0,11.0,0.0,67.0,42.0,425.0,10.1,3.0,59.6
23395,Christian Watson,GB,3.0,23.0,14.0,11.0,0.0,0.0,0.0,0.0,0.0,7.0,80.0,11.4,2.0,66.0,41.0,611.0,14.9,7.0,123.1
23371,Isiah Pacheco,KC,2.0,23.0,17.0,11.0,0.0,0.0,0.0,0.0,0.0,170.0,830.0,4.9,5.0,14.0,13.0,130.0,10.0,0.0,122.0
22613,Joshua Palmer,LAC,3.0,23.0,16.0,11.0,0.0,0.0,0.0,0.0,0.0,1.0,4.0,4.0,0.0,107.0,72.0,769.0,10.7,3.0,97.3
22614,Kadarius Toney,KC,3.0,23.0,9.0,4.0,0.0,0.0,0.0,0.0,0.0,7.0,82.0,11.7,1.0,20.0,16.0,171.0,10.7,2.0,41.3
21769,Clyde Edwards-Helaire,KC,2.0,23.0,10.0,6.0,0.0,0.0,0.0,0.0,0.0,71.0,302.0,4.3,3.0,23.0,17.0,151.0,8.9,3.0,81.3
21785,Noah Gray,KC,4.0,23.0,17.0,8.0,0.0,0.0,0.0,0.0,0.0,1.0,1.0,1.0,1.0,34.0,28.0,299.0,10.7,1.0,42.0
21776,Joshua Kelley,LAC,2.0,24.0,13.0,1.0,0.0,0.0,0.0,0.0,0.0,69.0,287.0,4.2,2.0,25.0,14.0,101.0,7.2,0.0,50.8
21681,Justin Herbert,LAC,1.0,24.0,17.0,17.0,477.0,699.0,4739.0,25.0,10.0,54.0,147.0,2.7,0.0,2.0,2.0,-10.0,-5.0,0.0,279.26
20077,Richie James,KC,3.0,27.0,17.0,4.0,0.0,0.0,0.0,0.0,0.0,2.0,6.0,3.0,0.0,70.0,57.0,569.0,10.0,4.0,75.5
19976,Marquez Valdes-Scantling,KC,3.0,28.0,17.0,11.0,0.0,0.0,0.0,0.0,0.0,1.0,-3.0,-3.0,0.0,81.0,42.0,687.0,16.4,2.0,80.4
19922,Justin Watson,KC,3.0,27.0,17.0,5.0,0.0,0.0,0.0,0.0,0.0,0.0,0.0,0.0,0.0,34.0,15.0,315.0,21.0,2.0,43.5
19562,Austin Ekeler,LAC,2.0,27.0,17.0,17.0,0.0,0.0,0.0,0.0,0.0,204.0,915.0,4.5,13.0,127.0,107.0,722.0,6.7,5.0,265.7
18935,Gerald Everett,LAC,4.0,28.0,16.0,11.0,0.0,0.0,0.0,0.0,0.0,1.0,0.0,0.0,0.0,87.0,58.0,555.0,9.6,4.0,81.5
18890,Patrick Mahomes,KC,1.0,27.0,17.0,17.0,435.0,648.0,5250.0,41.0,12.0,61.0,358.0,5.9,4.0,1.0,1.0,6.0,6.0,0.0,416.4
18914,Mike Williams,LAC,3.0,28.0,13.0,13.0,0.0,0.0,0.0,0.0,0.0,0.0,0.0,0.0,0.0,93.0,63.0,895.0,14.2,4.0,113.5
16510,Jerick McKinnon,KC,2.0,30.0,17.0,0.0,0.0,0.0,0.0,0.0,0.0,72.0,291.0,4.0,1.0,71.0,56.0,512.0,9.1,9.0,140.3
15076,Keenan Allen,LAC,3.0,30.0,10.0,10.0,0.0,0.0,0.0,0.0,0.0,1.0,8.0,8.0,0.0,89.0,66.0,752.0,11.4,4.0,98.0
15048,Travis Kelce,KC,4.0,33.0,17.0,17.0,0.0,0.0,0.0,0.0,0.0,2.0,5.0,2.5,0.0,152.0,110.0,1338.0,12.2,12.0,206.3
13291,Julio Jones,PHI,3.0,33.0,10.0,5.0,0.0,0.0,0.0,0.0,0.0,5.0,45.0,9.0,0.0,43.0,24.0,299.0,12.5,2.0,46.4
16763,Marcus Mariota,PHI,1.0,28.0,13.0,13.0,184.0,300.0,2219.0,15.0,9.0,85.0,438.0,5.2,4.0,0.0,0.0,0.0,0.0,0.0,196.56
17217,Raheem Mostert,MIA,2.0,30.0,16.0,14.0,0.0,0.0,0.0,0.0,0.0,181.0,891.0,4.9,3.0,42.0,31.0,202.0,6.5,2.0,137.3
18187,Robbie Chosen,MIA,3.0,29.0,16.0,7.0,0.0,0.0,0.0,0.0,0.0,0.0,0.0,0.0,0.0,44.0,20.0,282.0,14.1,1.0,32.2
18082,Tyreek Hill,MIA,3.0,28.0,17.0,17.0,0.0,0.0,0.0,0.0,0.0,7.0,32.0,4.6,2.0,170.0,119.0,1710.0,14.4,7.0,228.2
19799,Rashaad Penny,PHI,2.0,26.0,5.0,5.0,0.0,0.0,0.0,0.0,0.0,57.0,346.0,6.1,2.0,5.0,4.0,16.0,4.0,0.0,48.2
19863,Dallas Goedert,PHI,4.0,27.0,12.0,12.0,0.0,0.0,0.0,0.0,0.0,0.0,0.0,0.0,0.0,69.0,55.0,702.0,12.8,3.0,86.2
19972,Mike White,MIA,1.0,27.0,4.0,4.0,103.0,175.0,1192.0,3.0,4.0,6.0,9.0,1.5,1.0,0.0,0.0,0.0,0.0,0.0,56.58
20038,Braxton Berrios,MIA,3.0,27.0,17.0,2.0,1.0,1.0,2.0,1.0,0.0,9.0,91.0,10.1,2.0,32.0,18.0,145.0,8.1,0.0,39.68
20039,Boston Scott,PHI,2.0,27.0,15.0,2.0,0.0,0.0,0.0,0.0,0.0,54.0,217.0,4.0,3.0,6.0,5.0,15.0,3.0,0.0,41.2
20360,Jeff Wilson Jr.,MIA,2.0,26.0,16.0,7.0,0.0,0.0,0.0,0.0,0.0,176.0,860.0,4.9,5.0,37.0,22.0,185.0,8.4,1.0,136.5
21042,A.J. Brown,PHI,3.0,25.0,17.0,16.0,0.0,0.0,0.0,0.0,0.0,0.0,0.0,0.0,0.0,146.0,88.0,1496.0,17.0,11.0,211.6
21142,Olamide Zaccheaus,PHI,3.0,25.0,17.0,13.0,0.0,0.0,0.0,0.0,0.0,2.0,7.0,3.5,0.0,61.0,40.0,533.0,13.3,3.0,70.0
21684,D'Andre Swift,PHI,2.0,23.0,14.0,8.0,0.0,0.0,0.0,0.0,0.0,99.0,542.0,5.5,5.0,70.0,48.0,389.0,8.1,3.0,143.1
21677,Tua Tagovailoa,MIA,1.0,24.0,13.0,13.0,259.0,400.0,3548.0,25.0,8.0,24.0,70.0,2.9,0.0,0.0,0.0,0.0,0.0,0.0,230.92
21687,DeVonta Smith,PHI,3.0,23.0,17.0,17.0,0.0,0.0,0.0,0.0,0.0,0.0,0.0,0.0,0.0,136.0,95.0,1196.0,12.6,7.0,159.6
21752,Chase Claypool,MIA,3.0,24.0,15.0,11.0,1.0,1.0,1.0,1.0,0.0,9.0,59.0,6.6,0.0,79.0,46.0,451.0,9.8,1.0,59.04
21957,Quez Watkins,PHI,3.0,24.0,17.0,8.0,0.0,0.0,0.0,0.0,0.0,3.0,1.0,0.3,0.0,50.0,33.0,354.0,10.7,3.0,51.5
21831,Jalen Hurts,PHI,1.0,24.0,15.0,15.0,306.0,460.0,3701.0,22.0,6.0,165.0,760.0,4.6,13.0,0.0,0.0,0.0,0.0,0.0,378.04
22598,Jaylen Waddle,MIA,3.0,23.0,17.0,17.0,0.0,0.0,0.0,0.0,0.0,3.0,26.0,8.7,0.0,117.0,75.0,1356.0,18.1,8.0,184.2
22562,Kenneth Gainwell,PHI,2.0,23.0,17.0,0.0,0.0,0.0,0.0,0.0,0.0,53.0,240.0,4.5,4.0,29.0,23.0,169.0,7.3,0.0,64.9
23364,Jordan Mason,SF,2.0,23.0,16.0,0.0,0.0,0.0,0.0,0.0,0.0,43.0,258.0,6.0,1.0,0.0,0.0,0.0,0.0,0.0,31.8
23241,Brock Purdy,SF,1.0,22.0,9.0,5.0,114.0,170.0,1374.0,13.0,4.0,22.0,13.0,0.6,1.0,0.0,0.0,0.0,0.0,0.0,106.26
22535,Elijah Mitchell,SF,2.0,24.0,5.0,1.0,0.0,0.0,0.0,0.0,0.0,45.0,279.0,6.2,2.0,4.0,3.0,7.0,2.3,0.0,40.6
21747,Brandon Aiyuk,SF,3.0,24.0,17.0,17.0,0.0,0.0,0.0,0.0,0.0,2.0,23.0,11.5,0.0,114.0,78.0,1015.0,13.0,8.0,149.8
21714,K.J. Osborn,MIN,3.0,25.0,17.0,9.0,0.0,0.0,0.0,0.0,0.0,3.0,6.0,2.0,0.0,90.0,60.0,650.0,10.8,5.0,95.6
21717,Jauan Jennings,SF,3.0,25.0,16.0,4.0,0.0,0.0,0.0,0.0,0.0,0.0,0.0,0.0,0.0,56.0,35.0,416.0,11.9,1.0,47.6
21688,Cam Akers,MIN,2.0,23.0,15.0,9.0,0.0,0.0,0.0,0.0,0.0,188.0,786.0,4.2,7.0,18.0,13.0,117.0,9.0,0.0,128.3
21685,Justin Jefferson,MIN,3.0,23.0,17.0,17.0,2.0,2.0,34.0,0.0,0.0,4.0,24.0,6.0,1.0,184.0,128.0,1809.0,14.1,8.0,240.66
20868,Alexander Mattison,MIN,2.0,24.0,17.0,0.0,0.0,0.0,0.0,0.0,0.0,74.0,283.0,3.8,5.0,18.0,15.0,91.0,6.1,1.0,73.4
20805,T.J. Hockenson,MIN,4.0,25.0,17.0,14.0,0.0,0.0,0.0,0.0,0.0,0.0,0.0,0.0,0.0,129.0,86.0,914.0,10.6,6.0,129.4
20932,Deebo Samuel,SF,3.0,26.0,13.0,12.0,0.0,0.0,0.0,0.0,0.0,42.0,232.0,5.5,3.0,94.0,56.0,632.0,11.3,2.0,112.4
19961,Ray-Ray McCloud III,SF,3.0,26.0,17.0,2.0,0.0,0.0,0.0,0.0,0.0,4.0,78.0,19.5,1.0,25.0,14.0,243.0,17.4,1.0,44.1
19812,Sam Darnold,SF,1.0,25.0,6.0,6.0,82.0,140.0,1143.0,7.0,3.0,26.0,106.0,4.1,2.0,0.0,0.0,0.0,0.0,0.0,86.32
19063,George Kittle,SF,4.0,29.0,15.0,15.0,0.0,0.0,0.0,0.0,0.0,0.0,0.0,0.0,0.0,86.0,60.0,765.0,12.8,11.0,140.5
18877,Christian McCaffrey,SF,2.0,26.0,17.0,16.0,1.0,1.0,34.0,1.0,0.0,244.0,1139.0,4.7,8.0,108.0,85.0,741.0,8.7,5.0,271.36
14252,Kirk Cousins,MIN,1.0,34.0,17.0,17.0,424.0,643.0,4547.0,29.0,14.0,31.0,97.0,3.1,2.0,0.0,0.0,0.0,0.0,0.0,291.58
16568,Brandin Cooks,DAL,3.0,29.0,13.0,13.0,0.0,0.0,0.0,0.0,0.0,2.0,7.0,3.5,0.0,93.0,57.0,699.0,12.3,3.0,88.6
18055,Dak Prescott,DAL,1.0,29.0,12.0,12.0,261.0,394.0,2860.0,23.0,15.0,45.0,182.0,4.0,1.0,0.0,0.0,0.0,0.0,0.0,198.6
19461,Cooper Rush,DAL,1.0,28.0,9.0,5.0,94.0,162.0,1051.0,5.0,3.0,9.0,6.0,0.7,0.0,0.0,0.0,0.0,0.0,0.0,56.64
19867,Michael Gallup,DAL,3.0,26.0,14.0,11.0,0.0,0.0,0.0,0.0,0.0,0.0,0.0,0.0,0.0,74.0,39.0,424.0,10.9,4.0,66.4
20912,Tony Pollard,DAL,2.0,25.0,16.0,4.0,0.0,0.0,0.0,0.0,0.0,193.0,1007.0,5.2,9.0,55.0,39.0,371.0,9.5,3.0,209.8
21679,CeeDee Lamb,DAL,3.0,23.0,17.0,17.0,0.0,0.0,0.0,0.0,0.0,10.0,47.0,4.7,0.0,156.0,107.0,1359.0,12.7,9.0,194.6
23489,Chigoziem Okonkwo,TEN,4.0,23.0,17.0,8.0,0.0,0.0,0.0,0.0,0.0,3.0,2.0,0.7,0.0,46.0,32.0,450.0,14.1,3.0,65.2
23119,Treylon Burks,TEN,3.0,22.0,11.0,6.0,0.0,0.0,0.0,0.0,0.0,4.0,47.0,11.8,1.0,54.0,33.0,444.0,13.5,1.0,61.1
22609,Shi Smith,TEN,3.0,24.0,17.0,6.0,0.0,0.0,0.0,0.0,0.0,0.0,0.0,0.0,0.0,41.0,22.0,296.0,13.5,2.0,39.6
21734,Nick Westbrook-Ikhine,TEN,3.0,25.0,17.0,13.0,0.0,0.0,0.0,0.0,0.0,0.0,0.0,0.0,0.0,50.0,25.0,397.0,15.9,3.0,57.7
18030,Chris Moore,TEN,3.0,29.0,16.0,7.0,0.0,0.0,0.0,0.0,0.0,3.0,3.0,1.0,0.0,74.0,48.0,548.0,11.4,2.0,67.1
17959,Derrick Henry,TEN,2.0,28.0,16.0,16.0,2.0,2.0,4.0,1.0,0.0,349.0,1538.0,4.4,13.0,41.0,33.0,398.0,12.1,0.0,269.76
14986,DeAndre Hopkins,TEN,3.0,30.0,9.0,9.0,0.0,0.0,0.0,0.0,0.0,0.0,0.0,0.0,0.0,96.0,64.0,717.0,11.2,3.0,87.7
13799,Ryan Tannehill,TEN,1.0,34.0,12.0,12.0,212.0,325.0,2536.0,13.0,6.0,34.0,98.0,2.9,2.0,0.0,0.0,0.0,0.0,0.0,161.24
2593,Aaron Rodgers,NYJ,1.0,38.0,17.0,17.0,350.0,542.0,3695.0,26.0,12.0,34.0,94.0,2.8,1.0,0.0,0.0,0.0,0.0,0.0,239.2
13227,Randall Cobb,NYJ,3.0,32.0,13.0,3.0,0.0,0.0,0.0,0.0,0.0,0.0,0.0,0.0,0.0,50.0,34.0,417.0,12.3,1.0,47.7
16917,C.J. Uzomah,NYJ,4.0,29.0,15.0,13.0,0.0,0.0,0.0,0.0,0.0,0.0,0.0,0.0,0.0,27.0,21.0,232.0,11.0,2.0,35.2
18872,Dalvin Cook,NYJ,2.0,27.0,17.0,17.0,0.0,0.0,0.0,0.0,0.0,264.0,1173.0,4.4,8.0,56.0,39.0,295.0,7.6,2.0,198.8
20145,Allen Lazard,NYJ,3.0,26.0,15.0,15.0,0.0,0.0,0.0,0.0,0.0,2.0,0.0,0.0,0.0,100.0,60.0,788.0,13.1,6.0,114.8
19988,Tyler Conklin,NYJ,4.0,27.0,17.0,16.0,0.0,0.0,0.0,0.0,0.0,2.0,3.0,1.5,0.0,87.0,58.0,552.0,9.5,3.0,73.5
20788,Mecole Hardman Jr.,NYJ,3.0,24.0,8.0,5.0,0.0,0.0,0.0,0.0,0.0,4.0,31.0,7.8,2.0,34.0,25.0,297.0,11.9,4.0,68.8
22495,Zach Wilson,NYJ,1.0,23.0,9.0,9.0,132.0,242.0,1688.0,6.0,7.0,28.0,102.0,3.6,1.0,1.0,1.0,2.0,2.0,1.0,97.92
22526,Breece Hall,NYJ,2.0,21.0,7.0,2.0,0.0,0.0,0.0,0.0,0.0,80.0,463.0,5.8,4.0,31.0,19.0,218.0,11.5,1.0,96.1
22553,Michael Carter,NYJ,2.0,23.0,16.0,10.0,0.0,0.0,0.0,0.0,0.0,114.0,402.0,3.5,3.0,54.0,41.0,288.0,7.0,0.0,85.0
23122,Garrett Wilson,NYJ,3.0,22.0,17.0,12.0,0.0,1.0,0.0,0.0,0.0,4.0,4.0,1.0,0.0,147.0,83.0,1103.0,13.3,4.0,132.7
23223,Dameon Pierce,HOU,2.0,22.0,13.0,13.0,0.0,0.0,0.0,0.0,0.0,220.0,939.0,4.3,4.0,39.0,30.0,165.0,5.5,1.0,136.4
23298,Raheem Blackshear,CAR,2.0,24.0,13.0,1.0,0.0,0.0,0.0,0.0,0.0,23.0,77.0,3.3,3.0,12.0,10.0,93.0,9.3,0.0,33.0
22505,Davis Mills,HOU,1.0,24.0,15.0,15.0,292.0,479.0,3118.0,17.0,15.0,32.0,108.0,3.4,2.0,0.0,0.0,0.0,0.0,0.0,181.52
22685,Terrace Marshall Jr.,CAR,3.0,22.0,14.0,9.0,0.0,0.0,0.0,0.0,0.0,0.0,0.0,0.0,0.0,47.0,28.0,490.0,17.5,1.0,55.0
22662,Tommy Tremble,CAR,4.0,22.0,17.0,4.0,0.0,0.0,0.0,0.0,0.0,0.0,0.0,0.0,0.0,32.0,19.0,174.0,9.2,3.0,33.4
21691,Chuba Hubbard,CAR,2.0,23.0,15.0,2.0,0.0,0.0,0.0,0.0,0.0,95.0,466.0,4.9,2.0,17.0,14.0,171.0,12.2,0.0,73.7
21756,Nico Collins,HOU,3.0,23.0,10.0,7.0,0.0,0.0,0.0,0.0,0.0,0.0,0.0,0.0,0.0,66.0,37.0,481.0,13.0,2.0,60.1
21697,Laviska Shenault Jr.,CAR,3.0,24.0,13.0,4.0,0.0,0.0,0.0,0.0,0.0,9.0,65.0,7.2,1.0,32.0,27.0,272.0,10.1,1.0,45.7
20941,Devin Singletary,HOU,2.0,25.0,16.0,16.0,0.0,0.0,0.0,0.0,0.0,177.0,819.0,4.6,5.0,52.0,38.0,280.0,7.4,1.0,139.9
20933,Miles Sanders,CAR,2.0,25.0,17.0,15.0,0.0,0.0,0.0,0.0,0.0,259.0,1269.0,4.9,11.0,26.0,20.0,78.0,3.9,0.0,196.7
19080,Noah Brown,HOU,3.0,26.0,16.0,13.0,0.0,0.0,0.0,0.0,0.0,0.0,0.0,0.0,0.0,73.0,43.0,555.0,12.9,3.0,71.5
19920,Dalton Schultz,HOU,4.0,26.0,15.0,15.0,0.0,0.0,0.0,0.0,0.0,0.0,0.0,0.0,0.0,89.0,57.0,577.0,10.1,5.0,85.7
19843,Hayden Hurst,CAR,4.0,29.0,13.0,13.0,0.0,0.0,0.0,0.0,0.0,0.0,0.0,0.0,0.0,68.0,52.0,414.0,8.0,2.0,53.4
19816,DJ Chark Jr.,CAR,3.0,26.0,11.0,10.0,0.0,0.0,0.0,0.0,0.0,0.0,0.0,0.0,0.0,52.0,30.0,502.0,16.7,3.0,68.2
15534,Adam Thielen,CAR,3.0,32.0,17.0,17.0,0.0,0.0,0.0,0.0,0.0,1.0,4.0,4.0,0.0,107.0,70.0,716.0,10.2,6.0,110.0
14871,Robert Woods,HOU,3.0,30.0,17.0,15.0,0.0,0.0,0.0,0.0,0.0,0.0,0.0,0.0,0.0,91.0,53.0,527.0,9.9,2.0,62.7
12841,Andy Dalton,CAR,1.0,34.0,14.0,14.0,252.0,378.0,2871.0,18.0,9.0,30.0,54.0,1.8,0.0,0.0,0.0,0.0,0.0,0.0,174.24
17986,Tyler Boyd,CIN,3.0,27.0,16.0,14.0,1.0,1.0,23.0,0.0,0.0,0.0,0.0,0.0,0.0,82.0,58.0,762.0,13.1,5.0,109.12
18858,Joe Mixon,CIN,2.0,26.0,14.0,14.0,0.0,0.0,0.0,0.0,0.0,210.0,814.0,3.9,7.0,75.0,60.0,441.0,7.4,2.0,179.5
20949,Irv Smith Jr.,CIN,4.0,24.0,8.0,1.0,0.0,0.0,0.0,0.0,0.0,0.0,0.0,0.0,0.0,36.0,25.0,182.0,7.3,2.0,30.2
21263,Trenton Irwin,CIN,3.0,26.0,9.0,2.0,0.0,0.0,0.0,0.0,0.0,1.0,11.0,11.0,0.0,23.0,15.0,231.0,15.4,4.0,48.2
21693,Joe Burrow,CIN,1.0,25.0,16.0,16.0,414.0,606.0,4475.0,35.0,12.0,75.0,257.0,3.4,5.0,0.0,0.0,0.0,0.0,0.0,350.7
21690,Tee Higgins,CIN,3.0,23.0,16.0,14.0,0.0,0.0,0.0,0.0,0.0,0.0,0.0,0.0,0.0,109.0,74.0,1029.0,13.9,7.0,146.9
22564,Ja'Marr Chase,CIN,3.0,22.0,12.0,12.0,0.0,0.0,0.0,0.0,0.0,5.0,8.0,1.6,0.0,134.0,87.0,1046.0,12.0,9.0,155.4
