Name,Pos,Age,G,GS,P_Cmp,P_Att,P_Yds,P_TD,P_Int,Ru_Att,Ru_Yds,Y/A,R_TD,Tgt,Rec,Re_Yds,Y/R,Re_TD,Total_Pts,PPR,PosRank,Next_Season_Pts
Drew Brees,1.0,29.0,16.0,16.0,413.0,635.0,5069.0,34.0,17.0,22.0,-1.0,-0.05,0.0,0.0,0.0,0.0,0.0,0.0,305.0,305.0,1.0,306.0
Aaron Rodgers,1.0,25.0,16.0,16.0,341.0,536.0,4038.0,28.0,13.0,56.0,207.0,3.7,4.0,0.0,0.0,0.0,0.0,0.0,296.0,296.0,2.0,351.0
Philip Rivers,1.0,27.0,16.0,16.0,312.0,478.0,4009.0,34.0,11.0,31.0,84.0,2.71,0.0,0.0,0.0,0.0,0.0,0.0,287.0,287.0,3.0,275.0
DeAngelo Williams,2.0,25.0,16.0,16.0,0.0,0.0,0.0,0.0,0.0,273.0,1515.0,5.55,18.0,30.0,22.0,121.0,5.5,2.0,286.0,308.0,1.0,181.0
Jay Cutler,1.0,25.0,16.0,16.0,384.0,616.0,4526.0,25.0,18.0,57.0,200.0,3.51,2.0,0.0,0.0,0.0,0.0,0.0,281.0,281.0,4.0,230.0
Kurt Warner,1.0,37.0,16.0,16.0,401.0,598.0,4583.0,30.0,14.0,18.0,-2.0,-0.11,0.0,0.0,0.0,0.0,0.0,0.0,277.0,277.0,5.0,227.0
Michael Turner,2.0,26.0,16.0,16.0,0.0,0.0,0.0,0.0,0.0,376.0,1699.0,4.52,17.0,9.0,6.0,41.0,6.83,0.0,276.0,282.0,2.0,151.0
Peyton Manning,1.0,32.0,16.0,16.0,371.0,555.0,4002.0,27.0,12.0,20.0,21.0,1.05,1.0,0.0,0.0,0.0,0.0,0.0,254.0,254.0,6.0,279.0
Donovan McNabb,1.0,32.0,16.0,16.0,345.0,571.0,3916.0,23.0,11.0,39.0,147.0,3.77,2.0,0.0,0.0,0.0,0.0,0.0,253.0,253.0,7.0,240.0
Matt Cassel,1.0,26.0,16.0,15.0,327.0,516.0,3693.0,21.0,11.0,73.0,270.0,3.7,2.0,0.0,0.0,0.0,0.0,0.0,253.0,253.0,8.0,170.0
Adrian Peterson,2.0,23.0,16.0,15.0,0.0,0.0,0.0,0.0,0.0,363.0,1760.0,4.85,10.0,39.0,21.0,125.0,5.95,0.0,249.0,270.0,3.0,290.0
Adrian Peterson,2.0,29.0,15.0,0.0,0.0,0.0,0.0,0.0,0.0,20.0,100.0,5.0,0.0,10.0,6.0,45.0,7.5,0.0,15.0,21.0,105.0,290.0
Matt Forte,2.0,23.0,16.0,16.0,0.0,0.0,0.0,0.0,0.0,316.0,1238.0,3.92,8.0,76.0,63.0,477.0,7.57,4.0,244.0,307.0,4.0,166.0
Thomas Jones,2.0,30.0,16.0,14.0,0.0,0.0,0.0,0.0,0.0,290.0,1312.0,4.52,13.0,42.0,36.0,207.0,5.75,2.0,242.0,278.0,5.0,230.0
LaDainian Tomlinson,2.0,29.0,16.0,16.0,0.0,0.0,0.0,0.0,0.0,292.0,1110.0,3.8,11.0,77.0,52.0,426.0,8.19,1.0,226.0,278.0,7.0,160.0
Maurice Jones-Drew,2.0,23.0,16.0,3.0,0.0,0.0,0.0,0.0,0.0,197.0,824.0,4.18,12.0,75.0,62.0,565.0,9.11,2.0,223.0,285.0,9.0,273.0
David Garrard,1.0,30.0,16.0,16.0,335.0,535.0,3620.0,15.0,13.0,73.0,322.0,4.41,2.0,1.0,1.0,-6.0,-6.0,0.0,222.0,223.0,9.0,236.0
Tony Romo,1.0,28.0,13.0,13.0,276.0,450.0,3448.0,26.0,14.0,28.0,41.0,1.46,0.0,0.0,0.0,0.0,0.0,0.0,218.0,218.0,12.0,282.0
Larry Fitzgerald,3.0,25.0,16.0,16.0,0.0,0.0,0.0,0.0,0.0,0.0,0.0,0.0,0.0,154.0,96.0,1431.0,14.91,12.0,215.0,311.0,1.0,187.0
Chris Johnson,2.0,23.0,15.0,14.0,0.0,0.0,0.0,0.0,0.0,251.0,1228.0,4.89,9.0,62.0,43.0,260.0,6.05,1.0,209.0,252.0,11.0,349.0
Andre Johnson,3.0,27.0,16.0,16.0,0.0,0.0,0.0,0.0,0.0,0.0,0.0,0.0,0.0,171.0,115.0,1575.0,13.7,8.0,208.0,323.0,2.0,214.0
Calvin Johnson,3.0,23.0,16.0,16.0,0.0,0.0,0.0,0.0,0.0,3.0,-1.0,-0.33,0.0,150.0,78.0,1331.0,17.06,12.0,207.0,285.0,3.0,136.0
Eli Manning,1.0,27.0,16.0,16.0,289.0,479.0,3238.0,21.0,10.0,20.0,10.0,0.5,1.0,0.0,0.0,0.0,0.0,0.0,203.0,203.0,13.0,247.0
Brandon Jacobs,2.0,26.0,13.0,13.0,0.0,0.0,0.0,0.0,0.0,219.0,1089.0,4.97,15.0,12.0,6.0,36.0,6.0,0.0,203.0,209.0,12.0,138.0
Jason Campbell,1.0,27.0,16.0,16.0,315.0,506.0,3245.0,13.0,6.0,47.0,258.0,5.49,1.0,0.0,0.0,0.0,0.0,0.0,202.0,202.0,14.0,224.0
Matt Ryan,1.0,23.0,16.0,16.0,265.0,434.0,3440.0,16.0,11.0,55.0,104.0,1.89,1.0,0.0,0.0,0.0,0.0,0.0,198.0,198.0,15.0,188.0
Brett Favre,1.0,39.0,16.0,16.0,343.0,522.0,3472.0,22.0,22.0,21.0,43.0,2.05,1.0,0.0,0.0,2.0,0.0,0.0,197.0,197.0,16.0,287.0
Kyle Orton,1.0,26.0,15.0,15.0,272.0,465.0,2972.0,18.0,12.0,24.0,49.0,2.04,3.0,0.0,0.0,0.0,0.0,0.0,192.0,192.0,17.0,219.0
Ben Roethlisberger,1.0,26.0,16.0,16.0,281.0,469.0,3301.0,17.0,15.0,34.0,101.0,2.97,2.0,1.0,1.0,-7.0,-7.0,0.0,191.0,192.0,18.0,273.0
Frank Gore,2.0,25.0,14.0,14.0,0.0,0.0,0.0,0.0,0.0,240.0,1036.0,4.32,6.0,66.0,43.0,373.0,8.67,2.0,191.0,234.0,13.0,231.0
Steven Jackson,2.0,25.0,12.0,11.0,0.0,0.0,0.0,0.0,0.0,253.0,1042.0,4.12,7.0,62.0,40.0,379.0,9.48,1.0,190.0,230.0,14.0,198.0
Joe Flacco,1.0,23.0,16.0,16.0,257.0,428.0,2971.0,14.0,12.0,52.0,180.0,3.46,2.0,1.0,1.0,43.0,43.0,0.0,187.0,188.0,19.0,210.0
Greg Jennings,3.0,25.0,16.0,15.0,0.0,0.0,0.0,0.0,0.0,0.0,0.0,0.0,0.0,140.0,80.0,1292.0,16.15,9.0,185.0,265.0,4.0,139.0
Marion Barber,2.0,25.0,15.0,13.0,0.0,0.0,0.0,0.0,0.0,238.0,885.0,3.72,7.0,61.0,52.0,417.0,8.02,2.0,184.0,236.0,16.0,157.0
Matt Schaub,1.0,27.0,11.0,11.0,251.0,380.0,3043.0,15.0,10.0,31.0,68.0,2.19,2.0,0.0,0.0,0.0,0.0,0.0,183.0,183.0,20.0,285.0
Steve Smith,3.0,29.0,14.0,14.0,0.0,0.0,0.0,0.0,0.0,5.0,40.0,8.0,0.0,129.0,78.0,1421.0,18.22,6.0,182.0,260.0,5.0,164.0
Steve Smith,3.0,29.0,14.0,14.0,0.0,0.0,0.0,0.0,0.0,5.0,40.0,8.0,0.0,129.0,78.0,1421.0,18.22,6.0,182.0,260.0,5.0,144.0
Steve Smith,3.0,23.0,16.0,4.0,0.0,0.0,0.0,0.0,0.0,0.0,0.0,0.0,0.0,82.0,57.0,574.0,10.07,1.0,63.0,120.0,66.0,164.0
Steve Smith,3.0,23.0,16.0,4.0,0.0,0.0,0.0,0.0,0.0,0.0,0.0,0.0,0.0,82.0,57.0,574.0,10.07,1.0,63.0,120.0,66.0,144.0
Roddy White,3.0,27.0,16.0,15.0,0.0,0.0,0.0,0.0,0.0,2.0,4.0,2.0,0.0,148.0,88.0,1382.0,15.7,7.0,181.0,269.0,6.0,182.0
Anquan Boldin,3.0,28.0,12.0,11.0,0.0,0.0,0.0,0.0,0.0,9.0,67.0,7.44,0.0,127.0,89.0,1038.0,11.66,11.0,177.0,266.0,7.0,134.0
Kevin Smith,2.0,22.0,16.0,12.0,0.0,0.0,0.0,0.0,0.0,238.0,976.0,4.1,8.0,54.0,39.0,286.0,7.33,0.0,174.0,213.0,18.0,146.0
Randy Moss,3.0,31.0,16.0,16.0,0.0,0.0,0.0,0.0,0.0,2.0,0.0,0.0,0.0,125.0,69.0,1008.0,14.61,11.0,167.0,236.0,10.0,206.0
Pierre Thomas,2.0,24.0,15.0,5.0,0.0,0.0,0.0,0.0,0.0,129.0,625.0,4.84,9.0,41.0,31.0,284.0,9.16,3.0,163.0,194.0,21.0,158.0
Ryan Grant,2.0,26.0,16.0,14.0,0.0,0.0,0.0,0.0,0.0,312.0,1203.0,3.86,4.0,22.0,18.0,116.0,6.44,1.0,162.0,180.0,22.0,211.0
Brandon Marshall,3.0,24.0,15.0,15.0,0.0,0.0,0.0,0.0,0.0,2.0,-4.0,-2.0,0.0,181.0,104.0,1265.0,12.16,6.0,162.0,266.0,11.0,176.0
Vincent Jackson,3.0,25.0,16.0,16.0,0.0,0.0,0.0,0.0,0.0,4.0,69.0,17.25,0.0,101.0,59.0,1098.0,18.61,7.0,159.0,218.0,12.0,172.0
Reggie Wayne,3.0,30.0,16.0,16.0,0.0,0.0,0.0,0.0,0.0,0.0,0.0,0.0,0.0,131.0,82.0,1145.0,13.96,6.0,153.0,235.0,13.0,184.0
Jonathan Stewart,2.0,21.0,16.0,0.0,0.0,0.0,0.0,0.0,0.0,184.0,836.0,4.54,10.0,17.0,8.0,47.0,5.88,0.0,148.0,156.0,24.0,193.0
Hines Ward,3.0,32.0,16.0,15.0,0.0,0.0,0.0,0.0,0.0,1.0,4.0,4.0,0.0,124.0,81.0,1043.0,12.88,7.0,147.0,228.0,15.0,153.0
Wes Welker,3.0,27.0,16.0,14.0,0.0,0.0,0.0,0.0,0.0,3.0,26.0,8.67,0.0,149.0,111.0,1165.0,10.5,3.0,139.0,250.0,21.0,162.0
Derrick Mason,3.0,34.0,16.0,16.0,0.0,0.0,0.0,0.0,0.0,1.0,3.0,3.0,0.0,121.0,80.0,1037.0,12.96,5.0,136.0,216.0,22.0,145.0
Donald Driver,3.0,33.0,16.0,16.0,0.0,0.0,0.0,0.0,0.0,2.0,4.0,2.0,0.0,116.0,74.0,1012.0,13.68,5.0,132.0,206.0,23.0,143.0
Willis McGahee,2.0,27.0,13.0,8.0,0.0,0.0,0.0,0.0,0.0,170.0,671.0,3.95,7.0,32.0,24.0,173.0,7.21,0.0,126.0,150.0,32.0,147.0
Tim Hightower,2.0,22.0,16.0,7.0,0.0,0.0,0.0,0.0,0.0,143.0,399.0,2.79,10.0,50.0,34.0,237.0,6.97,0.0,124.0,158.0,34.0,151.0
Dallas Clark,4.0,29.0,15.0,15.0,0.0,0.0,0.0,0.0,0.0,0.0,0.0,0.0,0.0,107.0,77.0,848.0,11.01,6.0,121.0,198.0,3.0,172.0
Ricky Williams,2.0,31.0,16.0,3.0,0.0,0.0,0.0,0.0,0.0,160.0,659.0,4.12,4.0,39.0,29.0,219.0,7.55,1.0,118.0,147.0,38.0,217.0
Antonio Gates,4.0,28.0,16.0,16.0,0.0,0.0,0.0,0.0,0.0,0.0,0.0,0.0,0.0,92.0,60.0,704.0,11.73,8.0,118.0,178.0,4.0,164.0
Joseph Addai,2.0,25.0,12.0,12.0,0.0,0.0,0.0,0.0,0.0,155.0,544.0,3.51,5.0,39.0,25.0,206.0,8.24,2.0,117.0,142.0,39.0,199.0
DeSean Jackson,3.0,22.0,16.0,15.0,0.0,1.0,0.0,0.0,1.0,17.0,96.0,5.65,1.0,120.0,62.0,912.0,14.71,2.0,117.0,179.0,30.0,189.0
Santonio Holmes,3.0,24.0,15.0,15.0,0.0,0.0,0.0,0.0,0.0,2.0,9.0,4.5,0.0,114.0,55.0,821.0,14.93,5.0,113.0,168.0,32.0,155.0
Fred Jackson,2.0,27.0,16.0,3.0,0.0,0.0,0.0,0.0,0.0,130.0,571.0,4.39,3.0,45.0,37.0,317.0,8.57,0.0,107.0,144.0,41.0,172.0
Marques Colston,3.0,25.0,11.0,6.0,0.0,0.0,0.0,0.0,0.0,0.0,0.0,0.0,0.0,88.0,47.0,760.0,16.17,5.0,106.0,153.0,36.0,162.0
Cedric Benson,2.0,26.0,12.0,10.0,0.0,0.0,0.0,0.0,0.0,214.0,747.0,3.49,2.0,26.0,20.0,185.0,9.25,0.0,105.0,125.0,42.0,172.0
Chad Johnson,3.0,30.0,13.0,10.0,0.0,0.0,0.0,0.0,0.0,0.0,0.0,0.0,0.0,97.0,53.0,540.0,10.19,4.0,78.0,131.0,51.0,162.0
Ray Rice,2.0,21.0,13.0,4.0,0.0,0.0,0.0,0.0,0.0,107.0,454.0,4.24,0.0,43.0,33.0,273.0,8.27,0.0,73.0,106.0,55.0,252.0
Jamaal Charles,2.0,22.0,16.0,2.0,0.0,0.0,0.0,0.0,0.0,67.0,357.0,5.33,0.0,39.0,27.0,272.0,10.07,1.0,69.0,96.0,57.0,192.0
Matt Hasselbeck,1.0,33.0,7.0,7.0,109.0,209.0,1216.0,5.0,10.0,11.0,69.0,6.27,0.0,0.0,0.0,0.0,0.0,0.0,56.0,56.0,36.0,167.0
Robert Meachem,3.0,24.0,14.0,3.0,0.0,0.0,0.0,0.0,0.0,1.0,20.0,20.0,1.0,20.0,12.0,289.0,24.08,3.0,55.0,67.0,73.0,134.0
Ahmad Bradshaw,2.0,22.0,15.0,0.0,0.0,0.0,0.0,0.0,0.0,67.0,355.0,5.3,1.0,6.0,5.0,42.0,8.4,1.0,52.0,57.0,66.0,141.0
Cadillac Williams,2.0,26.0,6.0,1.0,0.0,0.0,0.0,0.0,0.0,63.0,233.0,3.7,4.0,7.0,7.0,43.0,6.14,0.0,52.0,59.0,67.0,146.0
Vernon Davis,4.0,24.0,16.0,16.0,0.0,0.0,0.0,0.0,0.0,1.0,11.0,11.0,0.0,49.0,31.0,358.0,11.55,2.0,49.0,80.0,23.0,175.0
Jerome Harrison,2.0,25.0,15.0,0.0,0.0,0.0,0.0,0.0,0.0,34.0,246.0,7.24,1.0,18.0,12.0,116.0,9.67,1.0,48.0,60.0,71.0,150.0
Miles Austin,3.0,24.0,12.0,0.0,0.0,0.0,0.0,0.0,0.0,0.0,0.0,0.0,0.0,23.0,13.0,278.0,21.38,3.0,46.0,59.0,86.0,198.0
Alex Smith,4.0,26.0,14.0,12.0,0.0,0.0,0.0,0.0,0.0,0.0,0.0,0.0,0.0,38.0,21.0,250.0,11.9,3.0,45.0,66.0,26.0,147.0
Brent Celek,4.0,23.0,16.0,7.0,0.0,0.0,0.0,0.0,0.0,0.0,0.0,0.0,0.0,38.0,27.0,318.0,11.78,1.0,38.0,65.0,29.0,145.0
Sidney Rice,3.0,22.0,13.0,3.0,0.0,1.0,0.0,0.0,0.0,0.0,0.0,0.0,0.0,31.0,15.0,141.0,9.4,4.0,38.0,53.0,91.0,179.0
Carson Palmer,1.0,29.0,4.0,4.0,75.0,129.0,731.0,3.0,4.0,6.0,38.0,6.33,0.0,0.0,0.0,0.0,0.0,0.0,37.0,37.0,41.0,213.0
Vince Young,1.0,25.0,3.0,1.0,22.0,36.0,219.0,1.0,2.0,8.0,27.0,3.38,0.0,0.0,0.0,0.0,0.0,0.0,11.0,11.0,50.0,141.0
Laurence Maroney,2.0,23.0,3.0,3.0,0.0,0.0,0.0,0.0,0.0,28.0,93.0,3.32,0.0,0.0,0.0,0.0,0.0,0.0,9.0,9.0,116.0,140.0
Rashard Mendenhall,2.0,21.0,4.0,1.0,0.0,0.0,0.0,0.0,0.0,19.0,58.0,3.05,0.0,3.0,2.0,17.0,8.5,0.0,8.0,10.0,123.0,185.0
Tom Brady,1.0,31.0,1.0,1.0,7.0,11.0,76.0,0.0,0.0,0.0,0.0,0.0,0.0,0.0,0.0,0.0,0.0,0.0,3.0,3.0,59.0,274.0
Chad Henne,1.0,23.0,3.0,0.0,7.0,12.0,67.0,0.0,0.0,0.0,0.0,0.0,0.0,0.0,0.0,0.0,0.0,0.0,3.0,3.0,60.0,144.0
Aaron Rodgers,1.0,26.0,16.0,16.0,350.0,541.0,4434.0,30.0,7.0,58.0,316.0,5.45,5.0,0.0,0.0,0.0,0.0,0.0,351.0,351.0,1.0,306.0
Chris Johnson,2.0,24.0,16.0,16.0,0.0,1.0,0.0,0.0,0.0,358.0,2006.0,5.6,14.0,71.0,50.0,503.0,10.06,2.0,349.0,399.0,1.0,233.0
Drew Brees,1.0,30.0,15.0,15.0,363.0,514.0,4388.0,34.0,11.0,22.0,33.0,1.5,2.0,1.0,1.0,-4.0,-4.0,0.0,306.0,307.0,2.0,273.0
Adrian Peterson,2.0,24.0,16.0,15.0,0.0,0.0,0.0,0.0,0.0,314.0,1383.0,4.4,18.0,57.0,43.0,436.0,10.14,0.0,290.0,333.0,2.0,242.0
Adrian Peterson,2.0,30.0,14.0,0.0,0.0,0.0,0.0,0.0,0.0,7.0,51.0,7.29,0.0,2.0,2.0,11.0,5.5,0.0,6.0,8.0,127.0,242.0
Matt Schaub,1.0,28.0,16.0,16.0,396.0,583.0,4770.0,29.0,15.0,48.0,57.0,1.19,0.0,0.0,0.0,0.0,0.0,0.0,285.0,285.0,4.0,252.0
Peyton Manning,1.0,33.0,16.0,16.0,393.0,571.0,4500.0,33.0,16.0,19.0,-13.0,-0.68,0.0,0.0,0.0,0.0,0.0,0.0,279.0,279.0,6.0,288.0
Philip Rivers,1.0,28.0,16.0,16.0,317.0,486.0,4254.0,28.0,9.0,26.0,50.0,1.92,1.0,0.0,0.0,0.0,0.0,0.0,275.0,275.0,7.0,290.0
Tom Brady,1.0,32.0,16.0,16.0,371.0,565.0,4398.0,28.0,13.0,29.0,44.0,1.52,1.0,0.0,0.0,0.0,0.0,0.0,274.0,274.0,8.0,301.0
Ben Roethlisberger,1.0,27.0,15.0,15.0,337.0,506.0,4328.0,26.0,12.0,40.0,82.0,2.05,2.0,0.0,0.0,0.0,0.0,0.0,273.0,273.0,9.0,216.0
Maurice Jones-Drew,2.0,24.0,16.0,16.0,0.0,0.0,0.0,0.0,0.0,312.0,1391.0,4.46,15.0,71.0,53.0,374.0,7.06,1.0,273.0,326.0,3.0,204.0
Ray Rice,2.0,22.0,16.0,15.0,0.0,1.0,0.0,0.0,0.0,254.0,1339.0,5.27,7.0,101.0,78.0,702.0,9.0,1.0,252.0,330.0,4.0,214.0
Eli Manning,1.0,28.0,16.0,16.0,317.0,509.0,4021.0,27.0,14.0,17.0,65.0,3.82,0.0,0.0,0.0,0.0,0.0,0.0,247.0,247.0,10.0,241.0
Donovan McNabb,1.0,33.0,14.0,14.0,267.0,443.0,3553.0,22.0,10.0,37.0,140.0,3.78,2.0,1.0,1.0,1.0,1.0,0.0,240.0,241.0,11.0,176.0
David Garrard,1.0,31.0,16.0,16.0,314.0,516.0,3597.0,15.0,10.0,77.0,323.0,4.19,3.0,0.0,0.0,0.0,0.0,0.0,236.0,236.0,12.0,229.0
Frank Gore,2.0,26.0,14.0,14.0,0.0,0.0,0.0,0.0,0.0,229.0,1120.0,4.89,10.0,75.0,52.0,406.0,7.81,3.0,231.0,283.0,5.0,161.0
Jay Cutler,1.0,26.0,16.0,16.0,336.0,555.0,3666.0,27.0,26.0,40.0,173.0,4.33,1.0,0.0,0.0,0.0,0.0,0.0,230.0,230.0,13.0,222.0
Thomas Jones,2.0,31.0,16.0,16.0,0.0,0.0,0.0,0.0,0.0,331.0,1402.0,4.24,14.0,18.0,10.0,58.0,5.8,0.0,230.0,240.0,6.0,138.0
Jason Campbell,1.0,28.0,16.0,16.0,327.0,507.0,3618.0,20.0,15.0,46.0,236.0,5.13,1.0,0.0,0.0,0.0,0.0,0.0,224.0,224.0,15.0,160.0
Kyle Orton,1.0,27.0,16.0,15.0,336.0,541.0,3802.0,21.0,12.0,24.0,71.0,2.96,0.0,0.0,0.0,0.0,0.0,0.0,219.0,219.0,16.0,218.0
Andre Johnson,3.0,28.0,16.0,16.0,0.0,0.0,0.0,0.0,0.0,2.0,10.0,5.0,0.0,171.0,101.0,1569.0,15.53,9.0,214.0,315.0,1.0,171.0
Carson Palmer,1.0,30.0,16.0,16.0,282.0,466.0,3094.0,21.0,13.0,39.0,93.0,2.38,3.0,0.0,0.0,0.0,0.0,0.0,213.0,213.0,17.0,230.0
Joe Flacco,1.0,24.0,16.0,16.0,315.0,499.0,3613.0,21.0,12.0,35.0,56.0,1.6,0.0,0.0,0.0,0.0,0.0,0.0,210.0,210.0,18.0,239.0
Steven Jackson,2.0,26.0,15.0,15.0,0.0,0.0,0.0,0.0,0.0,324.0,1416.0,4.37,4.0,75.0,51.0,322.0,6.31,0.0,198.0,249.0,10.0,198.0
Miles Austin,3.0,25.0,16.0,9.0,0.0,0.0,0.0,0.0,0.0,2.0,-2.0,-1.0,0.0,124.0,81.0,1320.0,16.3,11.0,198.0,279.0,3.0,161.0
Jamaal Charles,2.0,23.0,15.0,10.0,0.0,0.0,0.0,0.0,0.0,190.0,1120.0,5.89,7.0,55.0,40.0,297.0,7.43,1.0,192.0,232.0,12.0,242.0
DeSean Jackson,3.0,23.0,15.0,15.0,0.0,0.0,0.0,0.0,0.0,11.0,137.0,12.45,1.0,117.0,62.0,1156.0,18.65,9.0,189.0,251.0,4.0,158.0
Matt Ryan,1.0,24.0,14.0,14.0,263.0,451.0,2916.0,22.0,14.0,30.0,49.0,1.63,1.0,0.0,0.0,0.0,0.0,0.0,188.0,188.0,19.0,258.0
Larry Fitzgerald,3.0,26.0,16.0,16.0,0.0,0.0,0.0,0.0,0.0,0.0,0.0,0.0,0.0,153.0,97.0,1092.0,11.26,13.0,187.0,284.0,5.0,152.0
Rashard Mendenhall,2.0,22.0,16.0,12.0,0.0,0.0,0.0,0.0,0.0,242.0,1108.0,4.58,7.0,32.0,25.0,261.0,10.44,1.0,185.0,210.0,13.0,222.0
Reggie Wayne,3.0,31.0,16.0,16.0,0.0,1.0,0.0,0.0,1.0,0.0,0.0,0.0,0.0,149.0,100.0,1264.0,12.64,10.0,184.0,284.0,6.0,172.0
Roddy White,3.0,28.0,16.0,16.0,0.0,0.0,0.0,0.0,0.0,1.0,2.0,2.0,0.0,165.0,85.0,1153.0,13.56,11.0,182.0,267.0,7.0,203.0
Vernon Davis,4.0,25.0,16.0,16.0,0.0,0.0,0.0,0.0,0.0,0.0,0.0,0.0,0.0,128.0,78.0,965.0,12.37,13.0,175.0,253.0,1.0,135.0
Cedric Benson,2.0,27.0,13.0,13.0,0.0,0.0,0.0,0.0,0.0,301.0,1251.0,4.16,6.0,24.0,17.0,111.0,6.53,0.0,172.0,189.0,15.0,179.0
Fred Jackson,3.0,28.0,16.0,11.0,1.0,1.0,27.0,1.0,0.0,237.0,1062.0,4.48,2.0,61.0,46.0,371.0,8.07,2.0,172.0,218.0,10.0,156.0
Matt Cassel,1.0,27.0,15.0,15.0,271.0,493.0,2924.0,16.0,16.0,50.0,189.0,3.78,0.0,1.0,0.0,0.0,0.0,0.0,170.0,170.0,20.0,231.0
Knowshon Moreno,2.0,22.0,16.0,9.0,0.0,0.0,0.0,0.0,0.0,247.0,947.0,3.83,7.0,41.0,28.0,213.0,7.61,2.0,170.0,198.0,16.0,163.0
Matt Hasselbeck,1.0,34.0,14.0,14.0,293.0,488.0,3029.0,17.0,17.0,26.0,119.0,4.58,0.0,0.0,0.0,0.0,0.0,0.0,167.0,167.0,21.0,158.0
Matt Forte,2.0,24.0,16.0,16.0,0.0,0.0,0.0,0.0,0.0,258.0,929.0,3.6,4.0,72.0,57.0,471.0,8.26,0.0,166.0,223.0,17.0,218.0
Antonio Gates,4.0,29.0,16.0,16.0,0.0,0.0,0.0,0.0,0.0,0.0,0.0,0.0,0.0,114.0,79.0,1157.0,14.65,8.0,164.0,243.0,3.0,138.0
Marques Colston,3.0,26.0,16.0,14.0,0.0,0.0,0.0,0.0,0.0,1.0,6.0,6.0,0.0,107.0,70.0,1074.0,15.34,9.0,162.0,232.0,14.0,144.0
LaDainian Tomlinson,2.0,30.0,14.0,14.0,0.0,1.0,0.0,0.0,0.0,223.0,730.0,3.27,12.0,30.0,20.0,154.0,7.7,0.0,160.0,180.0,18.0,164.0
Michael Turner,2.0,27.0,11.0,11.0,0.0,0.0,0.0,0.0,0.0,178.0,871.0,4.89,10.0,7.0,5.0,35.0,7.0,0.0,151.0,156.0,21.0,218.0
Alex Smith,1.0,25.0,11.0,10.0,225.0,372.0,2350.0,18.0,12.0,24.0,51.0,2.13,0.0,1.0,1.0,-6.0,-6.0,0.0,147.0,148.0,22.0,139.0
Alex Smith,3.0,27.0,16.0,5.0,0.0,0.0,0.0,0.0,0.0,0.0,0.0,0.0,0.0,8.0,3.0,25.0,8.33,0.0,3.0,6.0,159.0,139.0
Chad Henne,1.0,24.0,14.0,13.0,274.0,451.0,2878.0,12.0,14.0,16.0,32.0,2.0,1.0,0.0,0.0,0.0,0.0,0.0,144.0,144.0,23.0,159.0
Ahmad Bradshaw,2.0,23.0,15.0,1.0,0.0,0.0,0.0,0.0,0.0,163.0,778.0,4.77,7.0,30.0,21.0,207.0,9.86,0.0,141.0,162.0,27.0,205.0
Greg Jennings,3.0,26.0,16.0,13.0,0.0,0.0,0.0,0.0,0.0,0.0,0.0,0.0,0.0,119.0,68.0,1113.0,16.37,4.0,139.0,207.0,21.0,198.0
Mark Sanchez,1.0,23.0,15.0,15.0,196.0,364.0,2444.0,12.0,20.0,36.0,106.0,2.94,3.0,0.0,0.0,0.0,0.0,0.0,138.0,138.0,25.0,204.0
Brandon Jacobs,2.0,27.0,15.0,15.0,0.0,0.0,0.0,0.0,0.0,224.0,835.0,3.73,5.0,31.0,18.0,184.0,10.22,1.0,138.0,156.0,29.0,142.0
Calvin Johnson,3.0,24.0,14.0,14.0,0.0,0.0,0.0,0.0,0.0,7.0,73.0,10.43,0.0,137.0,67.0,984.0,14.69,5.0,136.0,203.0,22.0,189.0
Percy Harvin,3.0,21.0,15.0,8.0,0.0,0.0,0.0,0.0,0.0,15.0,135.0,9.0,0.0,91.0,60.0,790.0,13.17,6.0,129.0,189.0,26.0,136.0
Terrell Owens,3.0,36.0,16.0,16.0,0.0,0.0,0.0,0.0,0.0,6.0,54.0,9.0,1.0,109.0,55.0,829.0,15.07,5.0,124.0,179.0,27.0,152.0
LeSean McCoy,2.0,21.0,16.0,4.0,0.0,0.0,0.0,0.0,0.0,155.0,637.0,4.11,4.0,55.0,40.0,308.0,7.7,0.0,121.0,161.0,35.0,221.0
Mike Wallace,3.0,23.0,16.0,4.0,0.0,0.0,0.0,0.0,0.0,5.0,48.0,9.6,0.0,72.0,39.0,756.0,19.38,6.0,116.0,155.0,29.0,190.0
Hakeem Nicks,3.0,21.0,14.0,6.0,0.0,0.0,0.0,0.0,0.0,2.0,8.0,4.0,0.0,74.0,47.0,790.0,16.81,6.0,116.0,163.0,30.0,171.0
Jason Witten,4.0,27.0,16.0,16.0,0.0,0.0,0.0,0.0,0.0,0.0,0.0,0.0,0.0,124.0,94.0,1030.0,10.96,2.0,115.0,209.0,8.0,156.0
Mario Manningham,3.0,23.0,14.0,10.0,0.0,0.0,0.0,0.0,0.0,0.0,0.0,0.0,0.0,99.0,57.0,822.0,14.42,5.0,112.0,169.0,31.0,149.0
Santana Moss,3.0,30.0,16.0,16.0,0.0,0.0,0.0,0.0,0.0,2.0,8.0,4.0,0.0,120.0,70.0,902.0,12.89,3.0,109.0,179.0,34.0,147.0
Jeremy Maclin,3.0,21.0,15.0,13.0,0.0,0.0,0.0,0.0,0.0,2.0,-7.0,-3.5,0.0,91.0,56.0,773.0,13.8,4.0,101.0,157.0,40.0,160.0
Josh Freeman,1.0,21.0,10.0,9.0,158.0,290.0,1855.0,10.0,18.0,30.0,161.0,5.37,0.0,1.0,0.0,1.0,0.0,0.0,100.0,100.0,27.0,264.0
Felix Jones,2.0,22.0,14.0,1.0,0.0,0.0,0.0,0.0,0.0,116.0,685.0,5.91,3.0,22.0,19.0,119.0,6.26,0.0,98.0,117.0,38.0,137.0
Braylon Edwards,3.0,26.0,16.0,15.0,0.0,1.0,0.0,0.0,0.0,0.0,0.0,0.0,0.0,95.0,45.0,680.0,15.11,4.0,94.0,139.0,44.0,135.0
Ryan Fitzpatrick,1.0,27.0,10.0,8.0,127.0,227.0,1422.0,9.0,10.0,31.0,141.0,4.55,1.0,0.0,0.0,0.0,0.0,0.0,93.0,93.0,28.0,209.0
Kenny Britt,3.0,21.0,16.0,6.0,0.0,0.0,0.0,0.0,0.0,0.0,0.0,0.0,0.0,75.0,42.0,701.0,16.69,3.0,88.0,130.0,50.0,134.0
Michael Bush,2.0,25.0,16.0,7.0,0.0,1.0,0.0,0.0,0.0,123.0,589.0,4.79,3.0,19.0,17.0,105.0,6.18,0.0,87.0,104.0,41.0,133.0
Dwayne Bowe,3.0,25.0,11.0,9.0,0.0,0.0,0.0,0.0,0.0,0.0,0.0,0.0,0.0,87.0,47.0,589.0,12.53,4.0,83.0,130.0,56.0,207.0
Darren McFadden,2.0,22.0,12.0,7.0,0.0,0.0,0.0,0.0,0.0,104.0,357.0,3.43,1.0,36.0,21.0,245.0,11.67,0.0,66.0,87.0,52.0,226.0
Shaun Hill,1.0,29.0,6.0,6.0,87.0,155.0,943.0,5.0,2.0,8.0,70.0,8.75,0.0,0.0,0.0,0.0,0.0,0.0,61.0,61.0,36.0,162.0
Mike Tolbert,2.0,24.0,16.0,3.0,0.0,0.0,0.0,0.0,0.0,25.0,148.0,5.92,1.0,22.0,17.0,192.0,11.29,3.0,58.0,75.0,58.0,163.0
Arian Foster,2.0,23.0,6.0,1.0,0.0,0.0,0.0,0.0,0.0,54.0,257.0,4.76,3.0,9.0,8.0,93.0,11.63,0.0,53.0,61.0,60.0,330.0
Michael Vick,1.0,29.0,12.0,1.0,6.0,13.0,86.0,1.0,0.0,24.0,95.0,3.96,2.0,0.0,0.0,0.0,0.0,0.0,29.0,29.0,46.0,316.0
BenJarvus Green-Ellis,2.0,24.0,12.0,0.0,0.0,0.0,0.0,0.0,0.0,26.0,114.0,4.38,0.0,5.0,2.0,11.0,5.5,0.0,13.0,15.0,109.0,187.0
Peyton Hillis,2.0,23.0,14.0,2.0,0.0,0.0,0.0,0.0,0.0,13.0,54.0,4.15,1.0,6.0,4.0,19.0,4.75,0.0,13.0,17.0,103.0,244.0
Brandon Lloyd,3.0,28.0,2.0,1.0,0.0,0.0,0.0,0.0,0.0,0.0,0.0,0.0,0.0,18.0,8.0,117.0,14.63,0.0,12.0,20.0,131.0,209.0
Steve Johnson,3.0,23.0,5.0,0.0,0.0,0.0,0.0,0.0,0.0,0.0,0.0,0.0,0.0,3.0,2.0,10.0,5.0,0.0,1.0,3.0,168.0,167.0
Arian Foster,2.0,24.0,16.0,13.0,0.0,0.0,0.0,0.0,0.0,327.0,1616.0,4.94,16.0,84.0,66.0,604.0,9.15,2.0,330.0,396.0,1.0,256.0
Michael Vick,1.0,30.0,12.0,12.0,233.0,372.0,3018.0,21.0,6.0,100.0,676.0,6.76,9.0,0.0,0.0,0.0,0.0,0.0,316.0,316.0,1.0,241.0
Aaron Rodgers,1.0,27.0,15.0,15.0,312.0,475.0,3922.0,28.0,11.0,64.0,356.0,5.56,4.0,0.0,0.0,0.0,0.0,0.0,306.0,306.0,2.0,399.0
Tom Brady,1.0,33.0,16.0,16.0,324.0,492.0,3900.0,36.0,4.0,31.0,30.0,0.97,1.0,0.0,0.0,0.0,0.0,0.0,301.0,301.0,3.0,370.0
Philip Rivers,1.0,29.0,16.0,16.0,357.0,541.0,4710.0,30.0,13.0,29.0,52.0,1.79,0.0,0.0,0.0,0.0,0.0,0.0,290.0,290.0,4.0,265.0
Drew Brees,1.0,31.0,16.0,16.0,448.0,658.0,4620.0,33.0,22.0,18.0,-3.0,-0.17,0.0,1.0,1.0,7.0,7.0,0.0,273.0,274.0,6.0,396.0
Josh Freeman,1.0,22.0,16.0,16.0,291.0,474.0,3451.0,25.0,6.0,68.0,364.0,5.35,0.0,0.0,0.0,0.0,0.0,0.0,264.0,264.0,7.0,225.0
Matt Ryan,1.0,25.0,16.0,16.0,357.0,571.0,3705.0,28.0,9.0,46.0,122.0,2.65,0.0,0.0,0.0,0.0,0.0,0.0,258.0,258.0,8.0,281.0
Matt Schaub,1.0,29.0,16.0,16.0,365.0,574.0,4370.0,24.0,12.0,22.0,28.0,1.27,0.0,0.0,0.0,0.0,0.0,0.0,252.0,252.0,9.0,160.0
Adrian Peterson,2.0,25.0,15.0,15.0,0.0,0.0,0.0,0.0,0.0,283.0,1298.0,4.59,12.0,50.0,36.0,341.0,9.47,1.0,242.0,278.0,3.0,189.0
Eli Manning,1.0,29.0,16.0,16.0,339.0,539.0,4002.0,31.0,25.0,32.0,70.0,2.19,0.0,0.0,0.0,0.0,0.0,0.0,241.0,241.0,10.0,289.0
Joe Flacco,1.0,25.0,16.0,16.0,306.0,489.0,3622.0,25.0,10.0,43.0,84.0,1.95,1.0,0.0,0.0,0.0,0.0,0.0,239.0,239.0,11.0,214.0
Chris Johnson,2.0,25.0,16.0,16.0,0.0,0.0,0.0,0.0,0.0,316.0,1364.0,4.32,11.0,57.0,44.0,245.0,5.57,1.0,233.0,277.0,5.0,171.0
Carson Palmer,1.0,31.0,16.0,16.0,362.0,586.0,3970.0,26.0,20.0,32.0,50.0,1.56,0.0,0.0,0.0,0.0,0.0,0.0,230.0,230.0,13.0,138.0
Jay Cutler,1.0,27.0,15.0,15.0,261.0,432.0,3274.0,23.0,16.0,50.0,232.0,4.64,1.0,0.0,0.0,0.0,0.0,0.0,222.0,222.0,15.0,142.0
Rashard Mendenhall,2.0,23.0,16.0,16.0,0.0,0.0,0.0,0.0,0.0,324.0,1273.0,3.93,13.0,34.0,23.0,167.0,7.26,0.0,222.0,245.0,7.0,162.0
LeSean McCoy,2.0,22.0,15.0,13.0,0.0,0.0,0.0,0.0,0.0,207.0,1080.0,5.22,7.0,91.0,78.0,592.0,7.59,2.0,221.0,299.0,8.0,282.0
Matt Forte,2.0,25.0,16.0,16.0,0.0,0.0,0.0,0.0,0.0,237.0,1069.0,4.51,6.0,70.0,51.0,547.0,10.73,3.0,218.0,269.0,10.0,173.0
Michael Turner,2.0,28.0,16.0,15.0,0.0,0.0,0.0,0.0,0.0,334.0,1371.0,4.1,12.0,20.0,12.0,85.0,7.08,0.0,218.0,230.0,9.0,217.0
Ben Roethlisberger,1.0,28.0,12.0,12.0,240.0,389.0,3200.0,17.0,5.0,34.0,176.0,5.18,2.0,0.0,0.0,0.0,0.0,0.0,216.0,216.0,17.0,226.0
Ray Rice,2.0,23.0,16.0,14.0,0.0,0.0,0.0,0.0,0.0,307.0,1220.0,3.97,5.0,83.0,63.0,556.0,8.83,1.0,214.0,277.0,11.0,301.0
Ryan Fitzpatrick,1.0,28.0,13.0,13.0,255.0,441.0,3000.0,23.0,15.0,40.0,269.0,6.73,0.0,0.0,0.0,0.0,0.0,0.0,209.0,209.0,18.0,229.0
Dwayne Bowe,3.0,26.0,16.0,16.0,0.0,0.0,0.0,0.0,0.0,1.0,4.0,4.0,0.0,133.0,72.0,1162.0,16.14,15.0,207.0,279.0,2.0,147.0
Ahmad Bradshaw,2.0,24.0,16.0,11.0,0.0,0.0,0.0,0.0,0.0,276.0,1235.0,4.47,8.0,58.0,47.0,314.0,6.68,0.0,205.0,252.0,12.0,161.0
Mark Sanchez,1.0,24.0,16.0,16.0,278.0,507.0,3291.0,17.0,13.0,30.0,105.0,3.5,3.0,0.0,0.0,0.0,0.0,0.0,204.0,204.0,19.0,255.0
Maurice Jones-Drew,2.0,25.0,14.0,14.0,0.0,1.0,0.0,0.0,1.0,299.0,1324.0,4.43,5.0,44.0,34.0,317.0,9.32,2.0,204.0,238.0,13.0,264.0
Roddy White,3.0,29.0,16.0,16.0,0.0,0.0,0.0,0.0,0.0,1.0,3.0,3.0,0.0,179.0,115.0,1389.0,12.08,10.0,203.0,318.0,3.0,178.0
Steven Jackson,2.0,27.0,16.0,16.0,0.0,0.0,0.0,0.0,0.0,330.0,1241.0,3.76,6.0,62.0,46.0,383.0,8.33,0.0,198.0,244.0,14.0,184.0
Greg Jennings,3.0,27.0,16.0,16.0,0.0,0.0,0.0,0.0,0.0,1.0,-1.0,-1.0,0.0,125.0,76.0,1265.0,16.64,12.0,198.0,274.0,4.0,149.0
Mike Wallace,3.0,24.0,16.0,16.0,0.0,0.0,0.0,0.0,0.0,5.0,39.0,7.8,0.0,98.0,60.0,1257.0,20.95,10.0,190.0,250.0,5.0,173.0
Calvin Johnson,3.0,25.0,15.0,15.0,0.0,0.0,0.0,0.0,0.0,4.0,32.0,8.0,0.0,137.0,77.0,1120.0,14.55,12.0,189.0,266.0,6.0,267.0
BenJarvus Green-Ellis,2.0,25.0,16.0,11.0,0.0,0.0,0.0,0.0,0.0,229.0,1008.0,4.4,13.0,16.0,12.0,85.0,7.08,0.0,187.0,199.0,15.0,149.0
Cedric Benson,2.0,28.0,16.0,16.0,0.0,0.0,0.0,0.0,0.0,321.0,1111.0,3.46,7.0,37.0,28.0,178.0,6.36,1.0,179.0,207.0,16.0,151.0
Hakeem Nicks,3.0,22.0,13.0,12.0,0.0,0.0,0.0,0.0,0.0,0.0,0.0,0.0,0.0,128.0,79.0,1052.0,13.32,11.0,171.0,250.0,8.0,161.0
Steve Johnson,3.0,24.0,16.0,13.0,0.0,0.0,0.0,0.0,0.0,0.0,0.0,0.0,0.0,141.0,82.0,1073.0,13.09,10.0,167.0,249.0,10.0,142.0
Mike Tolbert,2.0,25.0,15.0,4.0,0.0,0.0,0.0,0.0,0.0,182.0,735.0,4.04,11.0,29.0,25.0,216.0,8.64,0.0,163.0,188.0,19.0,152.0
Frank Gore,2.0,27.0,11.0,11.0,0.0,0.0,0.0,0.0,0.0,203.0,853.0,4.2,3.0,72.0,46.0,452.0,9.83,2.0,161.0,207.0,20.0,183.0
Matt Hasselbeck,1.0,35.0,14.0,14.0,266.0,444.0,3001.0,12.0,17.0,23.0,60.0,2.61,3.0,0.0,0.0,0.0,0.0,0.0,158.0,158.0,26.0,192.0
Fred Jackson,2.0,29.0,16.0,13.0,0.0,0.0,0.0,0.0,0.0,222.0,927.0,4.18,5.0,54.0,31.0,215.0,6.94,2.0,156.0,187.0,21.0,174.0
Larry Fitzgerald,3.0,27.0,16.0,15.0,0.0,0.0,0.0,0.0,0.0,0.0,0.0,0.0,0.0,173.0,90.0,1137.0,12.63,6.0,152.0,242.0,16.0,189.0
Marques Colston,3.0,27.0,15.0,11.0,0.0,0.0,0.0,0.0,0.0,1.0,1.0,1.0,0.0,131.0,84.0,1023.0,12.18,7.0,144.0,228.0,19.0,162.0
Alex Smith,1.0,26.0,11.0,10.0,204.0,342.0,2370.0,14.0,10.0,18.0,60.0,3.33,0.0,0.0,0.0,0.0,0.0,0.0,139.0,139.0,27.0,216.0
Alex Smith,4.0,28.0,3.0,1.0,0.0,0.0,0.0,0.0,0.0,0.0,0.0,0.0,0.0,1.0,1.0,6.0,6.0,0.0,1.0,2.0,92.0,216.0
Percy Harvin,3.0,22.0,14.0,13.0,0.0,0.0,0.0,0.0,0.0,18.0,107.0,5.94,1.0,109.0,71.0,868.0,12.23,5.0,136.0,207.0,20.0,179.0
Michael Bush,2.0,26.0,14.0,3.0,0.0,0.0,0.0,0.0,0.0,158.0,655.0,4.15,8.0,24.0,18.0,194.0,10.78,0.0,133.0,151.0,27.0,188.0
Wes Welker,3.0,29.0,15.0,11.0,0.0,0.0,0.0,0.0,0.0,0.0,0.0,0.0,0.0,123.0,86.0,848.0,9.86,7.0,127.0,213.0,23.0,214.0
Marshawn Lynch,2.0,24.0,16.0,14.0,0.0,0.0,0.0,0.0,0.0,202.0,737.0,3.65,6.0,26.0,22.0,145.0,6.59,0.0,124.0,146.0,32.0,220.0
Ryan Mathews,2.0,23.0,12.0,9.0,0.0,0.0,0.0,0.0,0.0,158.0,678.0,4.29,7.0,26.0,22.0,145.0,6.59,0.0,124.0,146.0,31.0,191.0
Brandon Marshall,3.0,26.0,14.0,14.0,0.0,1.0,0.0,0.0,0.0,2.0,3.0,1.5,0.0,146.0,86.0,1014.0,11.79,3.0,120.0,206.0,28.0,161.0
Rob Gronkowski,4.0,21.0,16.0,11.0,0.0,0.0,0.0,0.0,0.0,0.0,0.0,0.0,0.0,59.0,42.0,546.0,13.0,10.0,115.0,157.0,5.0,241.0
Pierre Garcon,3.0,24.0,14.0,14.0,0.0,0.0,0.0,0.0,0.0,2.0,6.0,3.0,0.0,119.0,67.0,784.0,11.7,6.0,115.0,182.0,31.0,134.0
Jonathan Stewart,2.0,23.0,14.0,7.0,0.0,0.0,0.0,0.0,0.0,178.0,770.0,4.33,2.0,14.0,8.0,103.0,12.88,1.0,105.0,113.0,35.0,147.0
Nate Washington,3.0,27.0,16.0,16.0,0.0,0.0,0.0,0.0,0.0,1.0,-8.0,-8.0,0.0,94.0,42.0,687.0,16.36,6.0,104.0,146.0,41.0,151.0
Shonn Greene,2.0,25.0,15.0,2.0,0.0,0.0,0.0,0.0,0.0,185.0,766.0,4.14,2.0,24.0,16.0,120.0,7.5,0.0,101.0,117.0,37.0,163.0
Tony Romo,1.0,30.0,6.0,6.0,148.0,213.0,1605.0,11.0,7.0,6.0,38.0,6.33,0.0,0.0,0.0,11.0,0.0,0.0,99.0,99.0,30.0,282.0
Tim Tebow,1.0,23.0,9.0,3.0,41.0,82.0,654.0,5.0,3.0,43.0,227.0,5.28,6.0,0.0,0.0,0.0,0.0,0.0,99.0,99.0,31.0,213.0
Aaron Hernandez,4.0,21.0,14.0,7.0,0.0,0.0,0.0,0.0,0.0,3.0,47.0,15.67,0.0,64.0,45.0,563.0,12.51,6.0,97.0,142.0,11.0,138.0
Dez Bryant,3.0,22.0,12.0,2.0,0.0,0.0,0.0,0.0,0.0,1.0,0.0,0.0,0.0,73.0,45.0,561.0,12.47,6.0,92.0,137.0,48.0,147.0
Darren Sproles,2.0,27.0,16.0,3.0,0.0,0.0,0.0,0.0,0.0,50.0,267.0,5.34,0.0,75.0,59.0,520.0,8.81,2.0,91.0,150.0,43.0,187.0
Colt McCoy,1.0,23.0,8.0,8.0,135.0,222.0,1576.0,6.0,9.0,28.0,136.0,4.86,1.0,1.0,1.0,13.0,13.0,0.0,90.0,91.0,34.0,166.0
Willis McGahee,2.0,29.0,15.0,2.0,0.0,0.0,0.0,0.0,0.0,100.0,380.0,3.8,5.0,17.0,14.0,55.0,3.93,1.0,80.0,94.0,50.0,157.0
Steve Smith,3.0,25.0,9.0,7.0,0.0,0.0,0.0,0.0,0.0,0.0,0.0,0.0,0.0,75.0,48.0,529.0,11.02,3.0,71.0,119.0,64.0,189.0
Steve Smith,3.0,31.0,14.0,14.0,0.0,0.0,0.0,0.0,0.0,1.0,9.0,9.0,0.0,100.0,46.0,554.0,12.04,2.0,68.0,114.0,69.0,189.0
Jordy Nelson,3.0,25.0,16.0,4.0,0.0,0.0,0.0,0.0,0.0,0.0,0.0,0.0,0.0,64.0,45.0,582.0,12.93,2.0,70.0,115.0,65.0,216.0
Jimmy Graham,4.0,24.0,15.0,5.0,0.0,0.0,0.0,0.0,0.0,1.0,3.0,3.0,0.0,44.0,31.0,356.0,11.48,5.0,66.0,97.0,22.0,197.0
Rex Grossman,1.0,30.0,4.0,3.0,74.0,133.0,884.0,7.0,4.0,3.0,6.0,2.0,0.0,0.0,0.0,0.0,0.0,0.0,60.0,60.0,38.0,159.0
Pierre Thomas,2.0,26.0,6.0,3.0,0.0,0.0,0.0,0.0,0.0,83.0,269.0,3.24,2.0,29.0,29.0,201.0,6.93,0.0,59.0,88.0,58.0,137.0
Beanie Wells,2.0,22.0,13.0,2.0,0.0,0.0,0.0,0.0,0.0,116.0,397.0,3.42,2.0,8.0,5.0,74.0,14.8,0.0,59.0,64.0,57.0,170.0
Matthew Stafford,1.0,22.0,3.0,3.0,57.0,96.0,535.0,6.0,1.0,4.0,11.0,2.75,1.0,0.0,0.0,0.0,0.0,0.0,53.0,53.0,40.0,347.0
DeAngelo Williams,2.0,27.0,6.0,6.0,0.0,0.0,0.0,0.0,0.0,87.0,361.0,4.15,1.0,13.0,11.0,61.0,5.55,0.0,48.0,59.0,64.0,139.0
Laurent Robinson,3.0,25.0,14.0,11.0,0.0,0.0,0.0,0.0,0.0,2.0,-14.0,-7.0,0.0,75.0,34.0,344.0,10.12,2.0,45.0,79.0,88.0,152.0
Vincent Jackson,3.0,27.0,5.0,5.0,0.0,0.0,0.0,0.0,0.0,1.0,14.0,14.0,0.0,24.0,14.0,248.0,17.71,3.0,44.0,58.0,91.0,170.0
Reggie Bush,2.0,25.0,8.0,6.0,0.0,0.0,0.0,0.0,0.0,36.0,150.0,4.17,0.0,42.0,34.0,208.0,6.12,1.0,42.0,76.0,68.0,180.0
Matt Moore,1.0,26.0,6.0,5.0,79.0,143.0,857.0,5.0,10.0,5.0,25.0,5.0,0.0,0.0,0.0,0.0,0.0,0.0,37.0,37.0,44.0,166.0
Tarvaris Jackson,1.0,27.0,3.0,1.0,34.0,58.0,341.0,3.0,4.0,7.0,63.0,9.0,0.0,0.0,0.0,0.0,0.0,0.0,26.0,26.0,50.0,172.0
Victor Cruz,0.0,24.0,3.0,0.0,0.0,0.0,0.0,0.0,0.0,0.0,0.0,0.0,0.0,0.0,0.0,0.0,0.0,0.0,0.0,0.0,213.0,208.0
Aaron Rodgers,1.0,28.0,15.0,15.0,343.0,502.0,4643.0,45.0,6.0,60.0,257.0,4.28,3.0,0.0,0.0,0.0,0.0,0.0,399.0,399.0,1.0,344.0
Drew Brees,1.0,32.0,16.0,16.0,468.0,657.0,5476.0,46.0,14.0,21.0,86.0,4.1,1.0,0.0,0.0,0.0,0.0,0.0,396.0,396.0,2.0,346.0
Cam Newton,1.0,22.0,16.0,16.0,310.0,517.0,4051.0,21.0,17.0,126.0,706.0,5.6,14.0,1.0,1.0,27.0,27.0,0.0,375.0,376.0,3.0,323.0
Tom Brady,1.0,34.0,16.0,16.0,401.0,611.0,5235.0,39.0,12.0,43.0,109.0,2.53,3.0,0.0,0.0,0.0,0.0,0.0,370.0,370.0,4.0,340.0
Matthew Stafford,1.0,23.0,16.0,16.0,421.0,663.0,5038.0,41.0,16.0,22.0,78.0,3.55,0.0,0.0,0.0,0.0,0.0,0.0,347.0,347.0,5.0,276.0
Ray Rice,2.0,24.0,16.0,16.0,1.0,1.0,1.0,1.0,0.0,291.0,1364.0,4.69,12.0,104.0,76.0,704.0,9.26,3.0,301.0,377.0,1.0,222.0
Eli Manning,1.0,30.0,16.0,16.0,359.0,589.0,4933.0,29.0,16.0,35.0,15.0,0.43,1.0,0.0,0.0,0.0,0.0,0.0,289.0,289.0,6.0,233.0
Tony Romo,1.0,31.0,16.0,16.0,346.0,522.0,4184.0,31.0,10.0,22.0,46.0,2.09,1.0,0.0,0.0,0.0,0.0,0.0,282.0,282.0,7.0,279.0
LeSean McCoy,2.0,23.0,15.0,15.0,0.0,0.0,0.0,0.0,0.0,273.0,1309.0,4.79,17.0,69.0,48.0,315.0,6.56,3.0,282.0,330.0,2.0,145.0
Matt Ryan,1.0,26.0,16.0,16.0,347.0,566.0,4177.0,29.0,12.0,37.0,84.0,2.27,2.0,0.0,0.0,0.0,0.0,0.0,281.0,281.0,8.0,305.0
Calvin Johnson,3.0,26.0,16.0,16.0,0.0,0.0,0.0,0.0,0.0,1.0,11.0,11.0,0.0,158.0,96.0,1681.0,17.51,16.0,267.0,363.0,1.0,220.0
Philip Rivers,1.0,30.0,16.0,16.0,366.0,582.0,4624.0,27.0,20.0,26.0,36.0,1.38,1.0,0.0,0.0,0.0,0.0,0.0,265.0,265.0,9.0,208.0
Arian Foster,2.0,25.0,13.0,13.0,0.0,0.0,0.0,0.0,0.0,278.0,1224.0,4.4,10.0,72.0,53.0,617.0,11.64,2.0,256.0,309.0,4.0,262.0
Michael Vick,1.0,31.0,13.0,13.0,253.0,423.0,3303.0,18.0,14.0,76.0,589.0,7.75,1.0,0.0,0.0,0.0,0.0,0.0,241.0,241.0,11.0,152.0
Rob Gronkowski,4.0,22.0,16.0,16.0,0.0,0.0,0.0,0.0,0.0,1.0,2.0,2.0,1.0,124.0,90.0,1327.0,14.74,17.0,241.0,331.0,1.0,143.0
Ryan Fitzpatrick,1.0,29.0,16.0,16.0,353.0,569.0,3832.0,24.0,23.0,56.0,215.0,3.84,0.0,0.0,0.0,0.0,0.0,0.0,229.0,229.0,12.0,214.0
Ben Roethlisberger,1.0,29.0,15.0,15.0,324.0,513.0,4077.0,21.0,14.0,31.0,70.0,2.26,0.0,0.0,0.0,0.0,0.0,0.0,226.0,226.0,13.0,224.0
Josh Freeman,1.0,23.0,15.0,15.0,346.0,551.0,3592.0,16.0,22.0,55.0,238.0,4.33,4.0,1.0,0.0,-4.0,0.0,0.0,225.0,225.0,14.0,249.0
Marshawn Lynch,2.0,25.0,15.0,15.0,0.0,2.0,0.0,0.0,0.0,285.0,1204.0,4.22,12.0,41.0,28.0,212.0,7.57,1.0,220.0,248.0,5.0,247.0
Michael Turner,2.0,29.0,16.0,15.0,0.0,0.0,0.0,0.0,0.0,301.0,1340.0,4.45,11.0,26.0,17.0,168.0,9.88,0.0,217.0,234.0,6.0,157.0
Joe Flacco,1.0,26.0,16.0,16.0,312.0,542.0,3610.0,20.0,12.0,39.0,88.0,2.26,1.0,1.0,1.0,-8.0,-8.0,0.0,214.0,215.0,16.0,235.0
Wes Welker,3.0,30.0,16.0,15.0,0.0,0.0,0.0,0.0,0.0,4.0,30.0,7.5,0.0,173.0,122.0,1569.0,12.86,9.0,214.0,336.0,3.0,171.0
Andy Dalton,1.0,24.0,16.0,16.0,300.0,516.0,3398.0,20.0,13.0,37.0,152.0,4.11,1.0,1.0,0.0,0.0,0.0,0.0,213.0,213.0,18.0,251.0
Victor Cruz,3.0,25.0,16.0,7.0,0.0,0.0,0.0,0.0,0.0,1.0,3.0,3.0,0.0,131.0,82.0,1536.0,18.73,9.0,208.0,290.0,4.0,169.0
Jimmy Graham,4.0,25.0,16.0,11.0,0.0,0.0,0.0,0.0,0.0,0.0,0.0,0.0,0.0,149.0,99.0,1310.0,13.23,11.0,197.0,296.0,2.0,152.0
Adrian Peterson,2.0,26.0,12.0,12.0,0.0,0.0,0.0,0.0,0.0,208.0,970.0,4.66,12.0,24.0,18.0,139.0,7.72,1.0,189.0,207.0,8.0,307.0
Steve Smith,3.0,32.0,16.0,16.0,0.0,0.0,0.0,0.0,0.0,6.0,56.0,9.33,0.0,129.0,79.0,1394.0,17.65,7.0,189.0,268.0,6.0,142.0
Steve Smith,3.0,26.0,9.0,1.0,0.0,0.0,0.0,0.0,0.0,0.0,0.0,0.0,0.0,20.0,11.0,124.0,11.27,1.0,18.0,29.0,121.0,142.0
Darren Sproles,2.0,28.0,16.0,4.0,0.0,0.0,0.0,0.0,0.0,87.0,603.0,6.93,2.0,111.0,86.0,710.0,8.26,7.0,187.0,273.0,10.0,141.0
Steven Jackson,2.0,28.0,15.0,15.0,0.0,0.0,0.0,0.0,0.0,260.0,1145.0,4.4,5.0,58.0,42.0,333.0,7.93,1.0,184.0,226.0,11.0,163.0
Frank Gore,2.0,28.0,16.0,15.0,0.0,0.0,0.0,0.0,0.0,282.0,1211.0,4.29,8.0,31.0,17.0,114.0,6.71,0.0,183.0,200.0,12.0,197.0
Reggie Bush,2.0,26.0,15.0,15.0,0.0,0.0,0.0,0.0,0.0,216.0,1086.0,5.03,6.0,52.0,43.0,296.0,6.88,1.0,180.0,223.0,13.0,172.0
Roddy White,3.0,30.0,16.0,16.0,0.0,0.0,0.0,0.0,0.0,0.0,0.0,0.0,0.0,180.0,100.0,1296.0,12.96,8.0,178.0,278.0,8.0,177.0
Matt Forte,2.0,26.0,12.0,12.0,0.0,1.0,0.0,0.0,0.0,203.0,997.0,4.91,3.0,76.0,52.0,490.0,9.42,1.0,173.0,225.0,15.0,177.0
Chris Johnson,2.0,26.0,16.0,16.0,0.0,0.0,0.0,0.0,0.0,262.0,1047.0,4.0,4.0,79.0,57.0,418.0,7.33,0.0,171.0,228.0,16.0,176.0
Vincent Jackson,3.0,28.0,16.0,16.0,0.0,0.0,0.0,0.0,0.0,3.0,51.0,17.0,0.0,115.0,60.0,1106.0,18.43,9.0,170.0,230.0,10.0,188.0
Shonn Greene,2.0,26.0,16.0,15.0,0.0,0.0,0.0,0.0,0.0,253.0,1054.0,4.17,6.0,41.0,30.0,211.0,7.03,0.0,163.0,193.0,18.0,167.0
Marques Colston,3.0,28.0,14.0,7.0,0.0,0.0,0.0,0.0,0.0,0.0,0.0,0.0,0.0,107.0,80.0,1143.0,14.29,8.0,162.0,242.0,11.0,171.0
Ahmad Bradshaw,2.0,25.0,12.0,9.0,0.0,0.0,0.0,0.0,0.0,171.0,659.0,3.85,9.0,44.0,34.0,267.0,7.85,2.0,161.0,195.0,20.0,156.0
Brandon Marshall,3.0,27.0,16.0,16.0,0.0,0.0,0.0,0.0,0.0,1.0,13.0,13.0,0.0,141.0,81.0,1214.0,14.99,6.0,161.0,242.0,13.0,217.0
Matt Schaub,1.0,30.0,10.0,10.0,178.0,292.0,2479.0,15.0,6.0,15.0,9.0,0.6,2.0,0.0,0.0,0.0,0.0,0.0,160.0,160.0,23.0,225.0
A.J. Green,3.0,23.0,15.0,15.0,0.0,0.0,0.0,0.0,0.0,5.0,53.0,10.6,0.0,115.0,65.0,1057.0,16.26,7.0,153.0,218.0,14.0,203.0
Julio Jones,3.0,22.0,13.0,13.0,0.0,0.0,0.0,0.0,0.0,6.0,56.0,9.33,0.0,95.0,54.0,959.0,17.76,8.0,150.0,204.0,17.0,183.0
BenJarvus Green-Ellis,2.0,26.0,16.0,6.0,0.0,0.0,0.0,0.0,0.0,181.0,667.0,3.69,11.0,13.0,9.0,159.0,17.67,0.0,149.0,158.0,24.0,152.0
Dez Bryant,3.0,23.0,15.0,13.0,0.0,0.0,0.0,0.0,0.0,1.0,5.0,5.0,0.0,103.0,63.0,928.0,14.73,9.0,147.0,210.0,19.0,208.0
Jay Cutler,1.0,28.0,10.0,10.0,182.0,314.0,2319.0,13.0,7.0,18.0,55.0,3.06,1.0,0.0,0.0,0.0,0.0,0.0,142.0,142.0,25.0,185.0
Steve Johnson,3.0,25.0,16.0,16.0,0.0,0.0,0.0,0.0,0.0,0.0,0.0,0.0,0.0,134.0,76.0,1004.0,13.21,7.0,142.0,218.0,21.0,139.0
Carson Palmer,1.0,32.0,10.0,9.0,199.0,328.0,2753.0,13.0,16.0,16.0,20.0,1.25,1.0,0.0,0.0,0.0,0.0,0.0,138.0,138.0,26.0,224.0
Tony Gonzalez,4.0,35.0,16.0,16.0,0.0,0.0,0.0,0.0,0.0,0.0,0.0,0.0,0.0,116.0,80.0,875.0,10.94,7.0,130.0,210.0,4.0,141.0
Torrey Smith,3.0,22.0,16.0,14.0,0.0,0.0,0.0,0.0,0.0,4.0,39.0,9.75,0.0,95.0,50.0,841.0,16.82,7.0,130.0,180.0,23.0,134.0
Christian Ponder,1.0,23.0,11.0,10.0,158.0,291.0,1853.0,13.0,13.0,28.0,219.0,7.82,0.0,0.0,0.0,0.0,0.0,0.0,122.0,122.0,28.0,193.0
Reggie Wayne,3.0,33.0,16.0,16.0,0.0,0.0,0.0,0.0,0.0,0.0,0.0,0.0,0.0,132.0,75.0,960.0,12.8,4.0,120.0,195.0,29.0,163.0
C.J. Spiller,2.0,24.0,16.0,11.0,0.0,0.0,0.0,0.0,0.0,107.0,561.0,5.24,4.0,54.0,39.0,269.0,6.9,2.0,119.0,158.0,33.0,212.0
Lance Moore,3.0,28.0,14.0,7.0,0.0,0.0,0.0,0.0,0.0,0.0,0.0,0.0,0.0,73.0,52.0,627.0,12.06,8.0,115.0,167.0,33.0,140.0
Michael Crabtree,3.0,24.0,15.0,14.0,0.0,0.0,0.0,0.0,0.0,1.0,6.0,6.0,0.0,115.0,72.0,874.0,12.14,4.0,114.0,186.0,34.0,165.0
Eric Decker,3.0,24.0,16.0,13.0,0.0,1.0,0.0,0.0,0.0,1.0,1.0,1.0,0.0,96.0,44.0,612.0,13.91,8.0,109.0,153.0,35.0,184.0
James Jones,3.0,27.0,16.0,0.0,0.0,0.0,0.0,0.0,0.0,0.0,0.0,0.0,0.0,55.0,38.0,635.0,16.71,7.0,106.0,144.0,39.0,162.0
Sam Bradford,1.0,24.0,10.0,10.0,191.0,357.0,2164.0,6.0,6.0,18.0,26.0,1.44,0.0,0.0,0.0,0.0,0.0,0.0,101.0,101.0,31.0,230.0
Mike Williams,3.0,24.0,16.0,15.0,0.0,0.0,0.0,0.0,0.0,1.0,3.0,3.0,0.0,124.0,65.0,771.0,11.86,3.0,99.0,164.0,46.0,155.0
Mike Williams,3.0,27.0,12.0,10.0,0.0,0.0,0.0,0.0,0.0,0.0,0.0,0.0,0.0,38.0,18.0,236.0,13.11,1.0,30.0,48.0,110.0,155.0
Demaryius Thomas,3.0,24.0,11.0,5.0,0.0,1.0,0.0,0.0,0.0,1.0,5.0,5.0,0.0,70.0,32.0,551.0,17.22,4.0,80.0,112.0,57.0,197.0
Heath Miller,4.0,29.0,16.0,16.0,0.0,0.0,0.0,0.0,0.0,1.0,6.0,6.0,0.0,74.0,51.0,631.0,12.37,2.0,76.0,127.0,19.0,132.0
Andre Johnson,3.0,30.0,7.0,7.0,0.0,0.0,0.0,0.0,0.0,1.0,8.0,8.0,0.0,51.0,33.0,492.0,14.91,2.0,62.0,95.0,70.0,186.0
Stevan Ridley,2.0,22.0,16.0,2.0,0.0,0.0,0.0,0.0,0.0,87.0,441.0,5.07,1.0,5.0,3.0,13.0,4.33,0.0,51.0,54.0,69.0,199.0
Jake Locker,1.0,23.0,5.0,0.0,34.0,66.0,542.0,4.0,0.0,8.0,56.0,7.0,1.0,0.0,0.0,0.0,0.0,0.0,49.0,49.0,42.0,132.0
Randall Cobb,3.0,21.0,15.0,0.0,0.0,1.0,0.0,0.0,0.0,2.0,5.0,2.5,0.0,31.0,25.0,375.0,15.0,1.0,44.0,69.0,91.0,155.0
Jamaal Charles,2.0,25.0,2.0,1.0,0.0,0.0,0.0,0.0,0.0,12.0,83.0,6.92,0.0,6.0,5.0,9.0,1.8,1.0,15.0,20.0,103.0,205.0
Cecil Shorts,3.0,24.0,10.0,0.0,0.0,0.0,0.0,0.0,0.0,0.0,0.0,0.0,0.0,12.0,2.0,30.0,15.0,1.0,9.0,11.0,144.0,138.0
Colin Kaepernick,1.0,24.0,3.0,0.0,3.0,5.0,35.0,0.0,0.0,2.0,-2.0,-1.0,0.0,0.0,0.0,0.0,0.0,0.0,1.0,1.0,66.0,174.0
Drew Brees,1.0,33.0,16.0,16.0,422.0,670.0,5177.0,43.0,19.0,15.0,5.0,0.33,1.0,0.0,0.0,0.0,0.0,0.0,346.0,346.0,1.0,358.0
Aaron Rodgers,1.0,29.0,16.0,16.0,371.0,552.0,4295.0,39.0,8.0,54.0,259.0,4.8,2.0,1.0,1.0,-1.0,-1.0,0.0,344.0,345.0,2.0,171.0
Tom Brady,1.0,35.0,16.0,16.0,401.0,637.0,4827.0,34.0,8.0,23.0,32.0,1.39,4.0,0.0,0.0,0.0,0.0,0.0,340.0,340.0,3.0,252.0
Cam Newton,1.0,23.0,16.0,16.0,280.0,485.0,3869.0,19.0,12.0,127.0,741.0,5.83,8.0,1.0,0.0,6.0,0.0,0.0,323.0,323.0,4.0,298.0
Robert Griffin,1.0,22.0,15.0,15.0,258.0,393.0,3200.0,20.0,5.0,120.0,815.0,6.79,7.0,1.0,0.0,0.0,0.0,0.0,318.0,318.0,5.0,217.0
Peyton Manning,1.0,36.0,16.0,16.0,400.0,583.0,4659.0,37.0,11.0,23.0,6.0,0.26,0.0,0.0,0.0,0.0,0.0,0.0,311.0,311.0,6.0,414.0
Adrian Peterson,2.0,27.0,16.0,16.0,0.0,0.0,0.0,0.0,0.0,348.0,2097.0,6.03,12.0,51.0,40.0,217.0,5.43,1.0,307.0,347.0,1.0,204.0
Matt Ryan,1.0,27.0,16.0,16.0,422.0,615.0,4719.0,32.0,14.0,34.0,141.0,4.15,1.0,0.0,0.0,0.0,0.0,0.0,305.0,305.0,7.0,248.0
Tony Romo,1.0,32.0,16.0,16.0,425.0,648.0,4903.0,28.0,19.0,30.0,49.0,1.63,1.0,1.0,1.0,-1.0,-1.0,0.0,279.0,280.0,8.0,265.0
Russell Wilson,1.0,24.0,16.0,16.0,252.0,393.0,3118.0,26.0,10.0,94.0,489.0,5.2,4.0,0.0,0.0,0.0,0.0,0.0,278.0,278.0,9.0,272.0
Andrew Luck,1.0,23.0,16.0,16.0,339.0,627.0,4374.0,23.0,18.0,62.0,255.0,4.11,5.0,0.0,0.0,0.0,0.0,0.0,276.0,276.0,10.0,297.0
Matthew Stafford,1.0,24.0,16.0,16.0,435.0,727.0,4967.0,20.0,17.0,35.0,126.0,3.6,4.0,1.0,1.0,3.0,3.0,0.0,276.0,277.0,11.0,285.0
Andy Dalton,1.0,25.0,16.0,16.0,329.0,528.0,3669.0,27.0,16.0,47.0,120.0,2.55,4.0,0.0,0.0,0.0,0.0,0.0,251.0,251.0,12.0,290.0
Marshawn Lynch,2.0,26.0,16.0,15.0,0.0,0.0,0.0,0.0,0.0,315.0,1590.0,5.05,11.0,30.0,23.0,196.0,8.52,1.0,247.0,270.0,4.0,239.0
Alfred Morris,2.0,24.0,16.0,16.0,0.0,0.0,0.0,0.0,0.0,335.0,1613.0,4.81,13.0,16.0,11.0,77.0,7.0,0.0,241.0,252.0,5.0,169.0
Joe Flacco,1.0,27.0,16.0,16.0,317.0,531.0,3817.0,22.0,10.0,32.0,22.0,0.69,3.0,0.0,0.0,0.0,0.0,0.0,235.0,235.0,14.0,208.0
Eli Manning,1.0,31.0,16.0,16.0,321.0,536.0,3948.0,26.0,15.0,20.0,30.0,1.5,0.0,0.0,0.0,0.0,0.0,0.0,233.0,233.0,15.0,170.0
Carson Palmer,1.0,33.0,15.0,15.0,345.0,565.0,4018.0,22.0,14.0,18.0,36.0,2.0,1.0,0.0,0.0,0.0,0.0,0.0,224.0,224.0,18.0,221.0
Ben Roethlisberger,1.0,30.0,13.0,13.0,284.0,449.0,3265.0,26.0,8.0,26.0,92.0,3.54,0.0,0.0,0.0,0.0,0.0,0.0,224.0,224.0,19.0,261.0
Calvin Johnson,3.0,27.0,16.0,16.0,0.0,0.0,0.0,0.0,0.0,0.0,0.0,0.0,0.0,204.0,122.0,1964.0,16.1,5.0,220.0,342.0,1.0,221.0
Brandon Marshall,3.0,28.0,16.0,16.0,0.0,0.0,0.0,0.0,0.0,1.0,-2.0,-2.0,0.0,192.0,118.0,1508.0,12.78,11.0,217.0,335.0,2.0,206.0
Ryan Fitzpatrick,1.0,30.0,16.0,16.0,306.0,505.0,3400.0,24.0,16.0,48.0,197.0,4.1,1.0,0.0,0.0,0.0,0.0,0.0,214.0,214.0,20.0,167.0
Philip Rivers,1.0,31.0,16.0,16.0,338.0,527.0,3606.0,26.0,15.0,27.0,40.0,1.48,0.0,1.0,0.0,0.0,0.0,0.0,208.0,208.0,21.0,287.0
Dez Bryant,3.0,24.0,16.0,14.0,0.0,0.0,0.0,0.0,0.0,2.0,-5.0,-2.5,0.0,138.0,92.0,1382.0,15.02,12.0,208.0,300.0,3.0,203.0
Jamaal Charles,2.0,26.0,16.0,15.0,0.0,0.0,0.0,0.0,0.0,285.0,1509.0,5.29,5.0,49.0,35.0,236.0,6.74,1.0,205.0,240.0,8.0,308.0
A.J. Green,3.0,24.0,16.0,16.0,0.0,0.0,0.0,0.0,0.0,4.0,38.0,9.5,0.0,164.0,97.0,1350.0,13.92,11.0,203.0,300.0,4.0,209.0
Frank Gore,2.0,29.0,16.0,16.0,0.0,0.0,0.0,0.0,0.0,258.0,1214.0,4.71,8.0,36.0,28.0,234.0,8.36,1.0,197.0,225.0,11.0,175.0
Demaryius Thomas,3.0,25.0,16.0,16.0,0.0,0.0,0.0,0.0,0.0,0.0,0.0,0.0,0.0,143.0,94.0,1434.0,15.26,10.0,197.0,291.0,5.0,229.0
Vincent Jackson,3.0,29.0,16.0,16.0,0.0,0.0,0.0,0.0,0.0,0.0,0.0,0.0,0.0,147.0,72.0,1384.0,19.22,8.0,188.0,260.0,6.0,164.0
Andre Johnson,3.0,31.0,16.0,16.0,0.0,0.0,0.0,0.0,0.0,0.0,0.0,0.0,0.0,162.0,112.0,1598.0,14.27,4.0,186.0,298.0,7.0,171.0
Jay Cutler,1.0,29.0,15.0,15.0,255.0,434.0,3033.0,19.0,14.0,41.0,233.0,5.68,0.0,0.0,0.0,0.0,0.0,0.0,185.0,185.0,23.0,169.0
Eric Decker,3.0,25.0,16.0,15.0,0.0,0.0,0.0,0.0,0.0,0.0,0.0,0.0,0.0,122.0,85.0,1064.0,12.52,13.0,184.0,269.0,8.0,193.0
Ryan Tannehill,1.0,24.0,16.0,16.0,282.0,484.0,3294.0,12.0,13.0,49.0,211.0,4.31,2.0,0.0,0.0,0.0,0.0,0.0,183.0,183.0,24.0,240.0
Matt Forte,2.0,27.0,15.0,15.0,0.0,0.0,0.0,0.0,0.0,248.0,1094.0,4.41,5.0,59.0,44.0,340.0,7.73,1.0,177.0,221.0,12.0,265.0
Chris Johnson,2.0,27.0,16.0,15.0,0.0,0.0,0.0,0.0,0.0,276.0,1243.0,4.5,6.0,49.0,36.0,232.0,6.44,0.0,176.0,212.0,13.0,198.0
Colin Kaepernick,1.0,25.0,13.0,7.0,136.0,218.0,1814.0,10.0,3.0,63.0,415.0,6.59,5.0,0.0,0.0,0.0,0.0,0.0,174.0,174.0,25.0,264.0
Reggie Bush,2.0,27.0,16.0,16.0,0.0,0.0,0.0,0.0,0.0,227.0,986.0,4.34,6.0,52.0,35.0,292.0,8.34,2.0,172.0,207.0,14.0,185.0
Wes Welker,3.0,31.0,16.0,12.0,0.0,0.0,0.0,0.0,0.0,2.0,20.0,10.0,0.0,174.0,118.0,1354.0,11.47,6.0,171.0,289.0,11.0,138.0
Jimmy Graham,4.0,26.0,15.0,9.0,0.0,0.0,0.0,0.0,0.0,0.0,0.0,0.0,0.0,135.0,85.0,982.0,11.55,9.0,152.0,237.0,1.0,218.0
LeSean McCoy,2.0,24.0,12.0,12.0,0.0,0.0,0.0,0.0,0.0,200.0,840.0,4.2,2.0,67.0,54.0,373.0,6.91,3.0,145.0,199.0,22.0,279.0
Tony Gonzalez,4.0,36.0,16.0,16.0,0.0,0.0,0.0,0.0,0.0,0.0,0.0,0.0,0.0,124.0,93.0,930.0,10.0,8.0,141.0,234.0,3.0,136.0
Torrey Smith,3.0,23.0,16.0,16.0,0.0,0.0,0.0,0.0,0.0,3.0,9.0,3.0,0.0,110.0,49.0,855.0,17.45,8.0,134.0,183.0,22.0,139.0
T.Y. Hilton,3.0,23.0,15.0,1.0,0.0,1.0,0.0,0.0,0.0,5.0,29.0,5.8,0.0,90.0,50.0,861.0,17.22,7.0,131.0,181.0,23.0,139.0
DeAngelo Williams,2.0,29.0,16.0,10.0,0.0,0.0,0.0,0.0,0.0,173.0,737.0,4.26,5.0,20.0,13.0,187.0,14.38,2.0,130.0,143.0,24.0,138.0
Alex Smith,1.0,28.0,10.0,9.0,153.0,218.0,1737.0,13.0,5.0,31.0,132.0,4.26,0.0,0.0,0.0,0.0,0.0,0.0,123.0,123.0,29.0,253.0
Alex Smith,2.0,30.0,12.0,2.0,0.0,0.0,0.0,0.0,0.0,0.0,0.0,0.0,0.0,18.0,13.0,47.0,3.62,0.0,5.0,18.0,138.0,253.0
Jason Witten,4.0,30.0,16.0,16.0,0.0,0.0,0.0,0.0,0.0,0.0,0.0,0.0,0.0,147.0,110.0,1039.0,9.45,3.0,122.0,232.0,5.0,133.0
Jordy Nelson,3.0,27.0,12.0,10.0,0.0,0.0,0.0,0.0,0.0,0.0,0.0,0.0,0.0,73.0,49.0,745.0,15.2,7.0,119.0,168.0,28.0,179.0
Anquan Boldin,3.0,32.0,15.0,15.0,0.0,0.0,0.0,0.0,0.0,1.0,3.0,3.0,0.0,112.0,65.0,921.0,14.17,4.0,118.0,183.0,29.0,161.0
Danny Woodhead,2.0,27.0,16.0,2.0,0.0,0.0,0.0,0.0,0.0,76.0,301.0,3.96,4.0,55.0,40.0,446.0,11.15,3.0,117.0,157.0,25.0,147.0
Chad Henne,1.0,27.0,10.0,6.0,166.0,308.0,2084.0,11.0,11.0,19.0,64.0,3.37,1.0,0.0,1.0,-6.0,-6.0,0.0,113.0,114.0,31.0,165.0
DeMarco Murray,2.0,24.0,10.0,10.0,0.0,0.0,0.0,0.0,0.0,161.0,663.0,4.12,4.0,42.0,35.0,251.0,7.17,0.0,111.0,146.0,28.0,205.0
Josh Gordon,3.0,21.0,16.0,13.0,0.0,0.0,0.0,0.0,0.0,0.0,0.0,0.0,0.0,96.0,50.0,805.0,16.1,5.0,109.0,159.0,37.0,227.0
Antonio Brown,3.0,24.0,13.0,10.0,0.0,2.0,0.0,0.0,1.0,7.0,24.0,3.43,0.0,106.0,66.0,787.0,11.92,5.0,105.0,171.0,39.0,199.0
Joique Bell,2.0,26.0,16.0,0.0,0.0,0.0,0.0,0.0,0.0,82.0,414.0,5.05,3.0,68.0,52.0,485.0,9.33,0.0,104.0,156.0,30.0,164.0
Larry Fitzgerald,3.0,29.0,16.0,16.0,0.0,0.0,0.0,0.0,0.0,0.0,0.0,0.0,0.0,156.0,71.0,798.0,11.24,4.0,104.0,175.0,41.0,156.0
Ryan Mathews,2.0,25.0,12.0,9.0,0.0,0.0,0.0,0.0,0.0,184.0,707.0,3.84,1.0,56.0,39.0,252.0,6.46,0.0,98.0,137.0,31.0,184.0
Pierre Thomas,2.0,28.0,15.0,4.0,0.0,0.0,0.0,0.0,0.0,105.0,473.0,4.5,1.0,53.0,39.0,354.0,9.08,1.0,95.0,134.0,33.0,136.0
Knowshon Moreno,2.0,25.0,8.0,6.0,0.0,0.0,0.0,0.0,0.0,138.0,525.0,3.8,4.0,26.0,21.0,167.0,7.95,0.0,91.0,112.0,36.0,237.0
Pierre Garcon,3.0,26.0,10.0,10.0,0.0,0.0,0.0,0.0,0.0,2.0,9.0,4.5,0.0,68.0,44.0,633.0,14.39,4.0,88.0,132.0,52.0,167.0
Nick Foles,1.0,23.0,7.0,6.0,161.0,265.0,1699.0,6.0,5.0,11.0,42.0,3.82,1.0,0.0,0.0,0.0,0.0,0.0,86.0,86.0,33.0,266.0
Vernon Davis,4.0,28.0,16.0,16.0,0.0,0.0,0.0,0.0,0.0,0.0,0.0,0.0,0.0,61.0,41.0,548.0,13.37,5.0,85.0,126.0,15.0,161.0
Fred Jackson,2.0,31.0,10.0,8.0,0.0,0.0,0.0,0.0,0.0,115.0,437.0,3.8,3.0,42.0,34.0,217.0,6.38,1.0,81.0,115.0,41.0,188.0
DeSean Jackson,3.0,26.0,11.0,11.0,0.0,0.0,0.0,0.0,0.0,3.0,-7.0,-2.33,0.0,87.0,45.0,700.0,15.56,2.0,81.0,126.0,59.0,191.0
Michael Floyd,3.0,23.0,16.0,3.0,0.0,0.0,0.0,0.0,0.0,0.0,0.0,0.0,0.0,86.0,45.0,562.0,12.49,2.0,66.0,111.0,66.0,136.0
Maurice Jones-Drew,2.0,27.0,6.0,5.0,0.0,0.0,0.0,0.0,0.0,86.0,414.0,4.81,1.0,18.0,14.0,86.0,6.14,1.0,62.0,76.0,51.0,144.0
Alshon Jeffery,3.0,22.0,10.0,6.0,0.0,0.0,0.0,0.0,0.0,0.0,0.0,0.0,0.0,48.0,24.0,367.0,15.29,3.0,55.0,79.0,77.0,195.0
Rashad Jennings,2.0,27.0,10.0,6.0,0.0,0.0,0.0,0.0,0.0,101.0,283.0,2.8,2.0,26.0,19.0,130.0,6.84,0.0,53.0,72.0,60.0,139.0
Julian Edelman,3.0,26.0,9.0,3.0,0.0,0.0,0.0,0.0,0.0,4.0,45.0,11.25,0.0,32.0,21.0,235.0,11.19,3.0,44.0,65.0,89.0,147.0
Riley Cooper,3.0,25.0,11.0,5.0,0.0,0.0,0.0,0.0,0.0,0.0,0.0,0.0,0.0,47.0,23.0,248.0,10.78,3.0,43.0,66.0,94.0,139.0
Marvin Jones,3.0,22.0,11.0,5.0,0.0,0.0,0.0,0.0,0.0,3.0,47.0,15.67,0.0,32.0,18.0,201.0,11.17,1.0,31.0,49.0,106.0,138.0
Jordan Cameron,4.0,24.0,14.0,6.0,0.0,0.0,0.0,0.0,0.0,0.0,0.0,0.0,0.0,40.0,20.0,226.0,11.3,1.0,29.0,49.0,46.0,134.0
Terrelle Pryor,1.0,23.0,3.0,1.0,14.0,30.0,155.0,2.0,1.0,10.0,51.0,5.1,1.0,1.0,1.0,22.0,22.0,0.0,26.0,27.0,40.0,144.0
Julius Thomas,0.0,24.0,4.0,0.0,0.0,0.0,0.0,0.0,0.0,0.0,0.0,0.0,0.0,0.0,0.0,0.0,0.0,0.0,0.0,0.0,126.0,151.0
Peyton Manning,1.0,37.0,16.0,16.0,450.0,659.0,5477.0,55.0,10.0,32.0,-31.0,-0.97,1.0,0.0,0.0,0.0,0.0,0.0,414.0,414.0,1.0,313.0
Drew Brees,1.0,34.0,16.0,16.0,446.0,650.0,5162.0,39.0,12.0,35.0,52.0,1.49,3.0,0.0,0.0,0.0,0.0,0.0,358.0,358.0,2.0,305.0
Jamaal Charles,2.0,27.0,15.0,15.0,0.0,0.0,0.0,0.0,0.0,259.0,1287.0,4.97,12.0,104.0,70.0,693.0,9.9,7.0,308.0,378.0,1.0,210.0
Cam Newton,1.0,24.0,16.0,16.0,292.0,473.0,3379.0,24.0,13.0,111.0,585.0,5.27,6.0,0.0,0.0,0.0,0.0,0.0,298.0,298.0,3.0,249.0
Andrew Luck,1.0,24.0,16.0,16.0,343.0,570.0,3822.0,23.0,9.0,63.0,377.0,5.98,4.0,0.0,0.0,0.0,0.0,0.0,297.0,297.0,4.0,356.0
Andy Dalton,1.0,26.0,16.0,16.0,363.0,586.0,4293.0,33.0,20.0,61.0,183.0,3.0,2.0,0.0,0.0,0.0,0.0,0.0,290.0,290.0,5.0,225.0
Philip Rivers,1.0,32.0,16.0,16.0,378.0,544.0,4478.0,32.0,11.0,28.0,72.0,2.57,0.0,1.0,0.0,-9.0,0.0,0.0,287.0,287.0,6.0,266.0
Matthew Stafford,1.0,25.0,16.0,16.0,371.0,634.0,4650.0,29.0,19.0,37.0,69.0,1.86,2.0,0.0,0.0,0.0,0.0,0.0,285.0,285.0,7.0,254.0
LeSean McCoy,2.0,25.0,16.0,16.0,0.0,0.0,0.0,0.0,0.0,314.0,1607.0,5.12,9.0,64.0,52.0,539.0,10.37,2.0,279.0,331.0,2.0,171.0
Russell Wilson,1.0,25.0,16.0,16.0,257.0,407.0,3357.0,26.0,9.0,96.0,539.0,5.61,1.0,0.0,0.0,0.0,0.0,0.0,272.0,272.0,8.0,332.0
Tony Romo,1.0,33.0,15.0,15.0,342.0,535.0,3828.0,31.0,10.0,20.0,38.0,1.9,0.0,0.0,0.0,0.0,0.0,0.0,265.0,265.0,10.0,266.0
Matt Forte,2.0,28.0,16.0,16.0,0.0,0.0,0.0,0.0,0.0,289.0,1339.0,4.63,9.0,95.0,74.0,594.0,8.03,3.0,265.0,339.0,3.0,245.0
Colin Kaepernick,1.0,26.0,16.0,16.0,243.0,416.0,3197.0,21.0,8.0,92.0,524.0,5.7,4.0,0.0,0.0,0.0,0.0,0.0,264.0,264.0,11.0,251.0
Ben Roethlisberger,1.0,31.0,16.0,16.0,375.0,584.0,4261.0,28.0,14.0,27.0,99.0,3.67,1.0,0.0,0.0,5.0,0.0,0.0,261.0,261.0,12.0,310.0
Alex Smith,1.0,29.0,15.0,15.0,308.0,508.0,3313.0,23.0,7.0,76.0,431.0,5.67,1.0,1.0,1.0,-4.0,-4.0,0.0,253.0,254.0,13.0,224.0
Alex Smith,4.0,31.0,16.0,1.0,0.0,0.0,0.0,0.0,0.0,0.0,0.0,0.0,0.0,6.0,3.0,12.0,4.0,1.0,7.0,10.0,72.0,224.0
Tom Brady,1.0,36.0,16.0,16.0,380.0,628.0,4343.0,25.0,11.0,32.0,18.0,0.56,0.0,0.0,0.0,0.0,0.0,0.0,252.0,252.0,14.0,280.0
Matt Ryan,1.0,28.0,16.0,16.0,439.0,651.0,4515.0,26.0,17.0,17.0,55.0,3.24,0.0,0.0,0.0,0.0,0.0,0.0,248.0,248.0,15.0,284.0
Ryan Tannehill,1.0,25.0,16.0,16.0,355.0,588.0,3913.0,24.0,17.0,40.0,238.0,5.95,1.0,0.0,0.0,0.0,0.0,0.0,240.0,240.0,16.0,279.0
Marshawn Lynch,2.0,27.0,16.0,16.0,0.0,0.0,0.0,0.0,0.0,301.0,1257.0,4.18,12.0,44.0,36.0,316.0,8.78,2.0,239.0,275.0,4.0,265.0
Demaryius Thomas,3.0,26.0,16.0,16.0,0.0,0.0,0.0,0.0,0.0,0.0,0.0,0.0,0.0,142.0,92.0,1430.0,15.54,14.0,229.0,321.0,1.0,230.0
Calvin Johnson,3.0,28.0,14.0,14.0,0.0,0.0,0.0,0.0,0.0,0.0,0.0,0.0,0.0,156.0,84.0,1492.0,17.76,12.0,221.0,305.0,3.0,156.0
Jimmy Graham,3.0,27.0,16.0,12.0,0.0,0.0,0.0,0.0,0.0,0.0,0.0,0.0,0.0,142.0,86.0,1215.0,14.13,16.0,218.0,304.0,4.0,145.0
A.J. Green,3.0,25.0,16.0,16.0,0.0,0.0,0.0,0.0,0.0,0.0,0.0,0.0,0.0,178.0,98.0,1426.0,14.55,11.0,209.0,307.0,5.0,136.0
Joe Flacco,1.0,28.0,16.0,16.0,362.0,614.0,3912.0,19.0,22.0,27.0,131.0,4.85,1.0,0.0,0.0,0.0,0.0,0.0,208.0,208.0,19.0,262.0
Eddie Lacy,2.0,22.0,15.0,15.0,0.0,0.0,0.0,0.0,0.0,284.0,1178.0,4.15,11.0,44.0,35.0,257.0,7.34,0.0,208.0,243.0,6.0,231.0
DeMarco Murray,2.0,25.0,14.0,14.0,0.0,0.0,0.0,0.0,0.0,217.0,1121.0,5.17,9.0,66.0,53.0,350.0,6.6,1.0,205.0,258.0,7.0,294.0
Dez Bryant,3.0,25.0,16.0,16.0,0.0,0.0,0.0,0.0,0.0,1.0,1.0,1.0,0.0,159.0,93.0,1233.0,13.26,13.0,203.0,296.0,7.0,228.0
Antonio Brown,3.0,25.0,16.0,14.0,1.0,1.0,15.0,0.0,0.0,7.0,4.0,0.57,0.0,167.0,110.0,1499.0,13.63,8.0,199.0,309.0,8.0,252.0
Alshon Jeffery,3.0,23.0,16.0,14.0,0.0,0.0,0.0,0.0,0.0,16.0,105.0,6.56,0.0,148.0,89.0,1421.0,15.97,7.0,195.0,284.0,9.0,177.0
Geno Smith,1.0,23.0,16.0,16.0,247.0,443.0,3046.0,12.0,21.0,72.0,366.0,5.08,6.0,1.0,1.0,13.0,13.0,0.0,194.0,195.0,20.0,157.0
DeSean Jackson,3.0,27.0,16.0,16.0,0.0,0.0,0.0,0.0,0.0,3.0,2.0,0.67,0.0,126.0,82.0,1332.0,16.24,9.0,191.0,273.0,11.0,154.0
Jordy Nelson,3.0,28.0,16.0,16.0,0.0,0.0,0.0,0.0,0.0,0.0,0.0,0.0,0.0,127.0,85.0,1314.0,15.46,8.0,179.0,264.0,12.0,230.0
Frank Gore,2.0,30.0,16.0,16.0,0.0,0.0,0.0,0.0,0.0,276.0,1128.0,4.09,9.0,27.0,16.0,141.0,8.81,0.0,175.0,191.0,13.0,148.0
Le'Veon Bell,2.0,21.0,13.0,13.0,0.0,0.0,0.0,0.0,0.0,244.0,860.0,3.52,8.0,66.0,45.0,399.0,8.87,0.0,172.0,217.0,14.0,288.0
Aaron Rodgers,1.0,30.0,9.0,9.0,193.0,290.0,2536.0,17.0,6.0,30.0,120.0,4.0,0.0,0.0,0.0,0.0,0.0,0.0,171.0,171.0,21.0,358.0
Eli Manning,1.0,32.0,16.0,16.0,317.0,551.0,3818.0,18.0,27.0,18.0,36.0,2.0,0.0,0.0,0.0,0.0,0.0,0.0,170.0,170.0,22.0,270.0
Jay Cutler,1.0,30.0,11.0,11.0,224.0,355.0,2621.0,19.0,12.0,23.0,118.0,5.13,0.0,0.0,0.0,0.0,0.0,0.0,169.0,169.0,23.0,256.0
Alfred Morris,2.0,25.0,16.0,16.0,0.0,0.0,0.0,0.0,0.0,276.0,1275.0,4.62,7.0,12.0,9.0,78.0,8.67,0.0,169.0,178.0,15.0,171.0
Ryan Fitzpatrick,1.0,31.0,11.0,9.0,217.0,350.0,2454.0,14.0,12.0,43.0,225.0,5.23,3.0,1.0,1.0,0.0,0.0,0.0,167.0,168.0,24.0,180.0
Giovani Bernard,2.0,22.0,16.0,0.0,0.0,0.0,0.0,0.0,0.0,170.0,695.0,4.09,5.0,71.0,56.0,514.0,9.18,3.0,167.0,223.0,16.0,145.0
Joique Bell,2.0,27.0,16.0,4.0,0.0,0.0,0.0,0.0,0.0,166.0,650.0,3.92,8.0,69.0,53.0,547.0,10.32,0.0,164.0,217.0,17.0,166.0
Anquan Boldin,3.0,33.0,16.0,16.0,0.0,0.0,0.0,0.0,0.0,2.0,11.0,5.5,0.0,129.0,85.0,1179.0,13.87,7.0,161.0,246.0,16.0,137.0
Julian Edelman,3.0,27.0,16.0,11.0,0.0,0.0,0.0,0.0,0.0,2.0,11.0,5.5,0.0,151.0,105.0,1056.0,10.06,6.0,147.0,252.0,19.0,133.0
T.Y. Hilton,3.0,24.0,16.0,10.0,0.0,0.0,0.0,0.0,0.0,2.0,6.0,3.0,0.0,139.0,82.0,1083.0,13.21,5.0,139.0,221.0,21.0,179.0
Torrey Smith,3.0,24.0,16.0,16.0,0.0,0.0,0.0,0.0,0.0,0.0,0.0,0.0,0.0,137.0,65.0,1128.0,17.35,4.0,139.0,204.0,22.0,143.0
Mike Wallace,3.0,27.0,16.0,16.0,0.0,0.0,0.0,0.0,0.0,3.0,33.0,11.0,0.0,141.0,73.0,930.0,12.74,5.0,128.0,201.0,26.0,146.0
Andre Ellington,2.0,24.0,15.0,1.0,0.0,0.0,0.0,0.0,0.0,118.0,652.0,5.53,3.0,57.0,39.0,371.0,9.51,1.0,126.0,165.0,24.0,132.0
Golden Tate,3.0,25.0,16.0,13.0,0.0,0.0,0.0,0.0,0.0,3.0,31.0,10.33,0.0,99.0,64.0,898.0,14.03,5.0,123.0,187.0,29.0,162.0
Greg Olsen,4.0,28.0,16.0,16.0,0.0,0.0,0.0,0.0,0.0,0.0,0.0,0.0,0.0,111.0,73.0,816.0,11.18,6.0,118.0,191.0,7.0,137.0
Emmanuel Sanders,3.0,26.0,16.0,10.0,0.0,0.0,0.0,0.0,0.0,1.0,25.0,25.0,0.0,113.0,67.0,740.0,11.04,6.0,117.0,184.0,33.0,201.0
Antonio Gates,4.0,33.0,16.0,15.0,0.0,0.0,0.0,0.0,0.0,0.0,0.0,0.0,0.0,114.0,77.0,872.0,11.32,4.0,107.0,184.0,8.0,154.0
Martellus Bennett,4.0,26.0,16.0,15.0,0.0,0.0,0.0,0.0,0.0,0.0,0.0,0.0,0.0,94.0,65.0,759.0,11.68,5.0,104.0,169.0,9.0,132.0
Chris Ivory,2.0,25.0,15.0,6.0,0.0,0.0,0.0,0.0,0.0,182.0,833.0,4.58,3.0,7.0,2.0,10.0,5.0,0.0,102.0,104.0,37.0,134.0
Steve Smith,3.0,34.0,15.0,15.0,0.0,0.0,0.0,0.0,0.0,0.0,0.0,0.0,0.0,110.0,64.0,745.0,11.64,4.0,99.0,163.0,44.0,141.0
Lamar Miller,2.0,22.0,16.0,15.0,0.0,0.0,0.0,0.0,0.0,177.0,709.0,4.01,2.0,35.0,26.0,170.0,6.54,0.0,98.0,124.0,38.0,185.0
Brandon LaFell,3.0,27.0,16.0,16.0,0.0,0.0,0.0,0.0,0.0,2.0,15.0,7.5,0.0,85.0,49.0,627.0,12.8,5.0,94.0,143.0,50.0,137.0
DeAndre Hopkins,3.0,21.0,16.0,16.0,0.0,0.0,0.0,0.0,0.0,0.0,0.0,0.0,0.0,91.0,52.0,802.0,15.42,2.0,90.0,142.0,51.0,155.0
Arian Foster,2.0,27.0,8.0,8.0,0.0,0.0,0.0,0.0,0.0,121.0,542.0,4.48,1.0,35.0,22.0,183.0,8.32,1.0,87.0,109.0,44.0,236.0
Roddy White,3.0,32.0,13.0,13.0,0.0,0.0,0.0,0.0,0.0,0.0,0.0,0.0,0.0,97.0,63.0,711.0,11.29,3.0,87.0,150.0,54.0,132.0
Rob Gronkowski,4.0,24.0,7.0,6.0,0.0,0.0,0.0,0.0,0.0,0.0,0.0,0.0,0.0,66.0,39.0,592.0,15.18,4.0,83.0,122.0,15.0,184.0
Randall Cobb,3.0,23.0,6.0,4.0,0.0,0.0,0.0,0.0,0.0,4.0,78.0,19.5,0.0,47.0,31.0,433.0,13.97,4.0,75.0,106.0,62.0,202.0
Julio Jones,3.0,24.0,5.0,5.0,0.0,0.0,0.0,0.0,0.0,1.0,7.0,7.0,0.0,59.0,41.0,580.0,14.15,2.0,69.0,110.0,66.0,193.0
Mark Ingram,2.0,24.0,11.0,3.0,0.0,0.0,0.0,0.0,0.0,78.0,386.0,4.95,1.0,11.0,7.0,68.0,9.71,0.0,53.0,60.0,60.0,163.0
Brian Hoyer,1.0,28.0,3.0,3.0,57.0,96.0,615.0,5.0,3.0,6.0,16.0,2.67,0.0,0.0,0.0,0.0,0.0,0.0,40.0,40.0,43.0,159.0
Matt Asiata,2.0,26.0,11.0,1.0,0.0,0.0,0.0,0.0,0.0,44.0,166.0,3.77,3.0,8.0,5.0,13.0,2.6,0.0,34.0,39.0,77.0,150.0
Kyle Orton,1.0,31.0,3.0,1.0,33.0,51.0,398.0,2.0,2.0,1.0,8.0,8.0,0.0,0.0,0.0,0.0,0.0,0.0,23.0,23.0,47.0,176.0
Justin Forsett,2.0,28.0,9.0,0.0,0.0,0.0,0.0,0.0,0.0,6.0,31.0,5.17,0.0,16.0,15.0,82.0,5.47,0.0,11.0,26.0,110.0,205.0
C.J. Anderson,2.0,22.0,5.0,0.0,0.0,0.0,0.0,0.0,0.0,7.0,38.0,5.43,0.0,1.0,0.0,0.0,0.0,0.0,4.0,4.0,136.0,177.0
Aaron Rodgers,1.0,31.0,16.0,16.0,341.0,520.0,4381.0,38.0,5.0,43.0,269.0,6.26,2.0,0.0,0.0,0.0,0.0,0.0,358.0,358.0,1.0,305.0
Andrew Luck,1.0,25.0,16.0,16.0,380.0,616.0,4761.0,40.0,16.0,64.0,273.0,4.27,3.0,0.0,0.0,0.0,0.0,0.0,356.0,356.0,2.0,133.0
Russell Wilson,1.0,26.0,16.0,16.0,285.0,452.0,3475.0,20.0,7.0,118.0,849.0,7.19,6.0,1.0,1.0,17.0,17.0,0.0,332.0,333.0,3.0,342.0
Ben Roethlisberger,1.0,32.0,16.0,16.0,408.0,608.0,4952.0,32.0,9.0,33.0,27.0,0.82,0.0,0.0,0.0,-6.0,0.0,0.0,310.0,310.0,5.0,234.0
Drew Brees,1.0,35.0,16.0,16.0,456.0,659.0,4952.0,33.0,17.0,27.0,68.0,2.52,1.0,1.0,1.0,1.0,1.0,0.0,305.0,306.0,6.0,306.0
DeMarco Murray,2.0,26.0,16.0,16.0,0.0,0.0,0.0,0.0,0.0,392.0,1845.0,4.71,13.0,64.0,57.0,416.0,7.3,0.0,294.0,351.0,1.0,140.0
Matt Ryan,1.0,29.0,16.0,16.0,415.0,628.0,4694.0,28.0,14.0,29.0,145.0,5.0,0.0,0.0,0.0,0.0,0.0,0.0,284.0,284.0,7.0,236.0
Tom Brady,1.0,37.0,16.0,16.0,373.0,582.0,4109.0,33.0,9.0,36.0,57.0,1.58,0.0,0.0,0.0,0.0,0.0,0.0,280.0,280.0,8.0,344.0
Ryan Tannehill,1.0,26.0,16.0,16.0,392.0,590.0,4045.0,27.0,12.0,56.0,311.0,5.55,1.0,1.0,1.0,-4.0,-4.0,0.0,279.0,280.0,9.0,259.0
Eli Manning,1.0,33.0,16.0,16.0,379.0,601.0,4410.0,30.0,14.0,12.0,31.0,2.58,1.0,0.0,0.0,0.0,0.0,0.0,270.0,270.0,10.0,287.0
Philip Rivers,1.0,33.0,16.0,16.0,379.0,570.0,4286.0,31.0,18.0,37.0,102.0,2.76,0.0,0.0,0.0,0.0,0.0,0.0,266.0,266.0,12.0,286.0
Joe Flacco,1.0,29.0,16.0,16.0,344.0,554.0,3986.0,27.0,12.0,39.0,70.0,1.79,2.0,0.0,0.0,0.0,0.0,0.0,262.0,262.0,13.0,166.0
Jay Cutler,1.0,31.0,15.0,15.0,370.0,561.0,3812.0,28.0,18.0,39.0,191.0,4.9,2.0,0.0,0.0,0.0,0.0,0.0,256.0,256.0,14.0,230.0
Matthew Stafford,1.0,26.0,16.0,16.0,363.0,602.0,4257.0,22.0,12.0,43.0,93.0,2.16,2.0,0.0,0.0,0.0,0.0,0.0,254.0,254.0,15.0,292.0
Antonio Brown,3.0,26.0,16.0,16.0,2.0,2.0,20.0,1.0,0.0,4.0,13.0,3.25,0.0,181.0,129.0,1698.0,13.16,13.0,252.0,381.0,1.0,250.0
Cam Newton,1.0,25.0,14.0,14.0,262.0,448.0,3127.0,18.0,12.0,103.0,539.0,5.23,5.0,0.0,0.0,0.0,0.0,0.0,249.0,249.0,17.0,391.0
Matt Forte,2.0,29.0,16.0,16.0,0.0,0.0,0.0,0.0,0.0,266.0,1038.0,3.9,6.0,130.0,102.0,808.0,7.92,4.0,245.0,347.0,4.0,173.0
Demaryius Thomas,3.0,27.0,16.0,16.0,0.0,0.0,0.0,0.0,0.0,0.0,0.0,0.0,0.0,184.0,111.0,1619.0,14.59,11.0,230.0,341.0,2.0,164.0
Andy Dalton,1.0,27.0,16.0,16.0,309.0,481.0,3398.0,19.0,17.0,60.0,169.0,2.82,4.0,1.0,1.0,18.0,18.0,1.0,225.0,226.0,18.0,244.0
Alex Smith,1.0,30.0,15.0,15.0,303.0,464.0,3265.0,18.0,6.0,49.0,254.0,5.18,1.0,0.0,0.0,0.0,0.0,0.0,224.0,224.0,19.0,273.0
Alex Smith,0.0,32.0,2.0,0.0,0.0,0.0,0.0,0.0,0.0,0.0,0.0,0.0,0.0,0.0,0.0,0.0,0.0,0.0,0.0,0.0,134.0,273.0
Odell Beckham,3.0,22.0,12.0,11.0,0.0,1.0,0.0,0.0,0.0,7.0,35.0,5.0,0.0,130.0,91.0,1305.0,14.34,12.0,204.0,295.0,5.0,223.0
Emmanuel Sanders,3.0,27.0,16.0,16.0,0.0,0.0,0.0,0.0,0.0,8.0,44.0,5.5,0.0,141.0,101.0,1404.0,13.9,9.0,201.0,302.0,7.0,148.0
Julio Jones,3.0,25.0,15.0,15.0,0.0,0.0,0.0,0.0,0.0,1.0,1.0,1.0,0.0,163.0,104.0,1593.0,15.32,6.0,193.0,297.0,8.0,235.0
Derek Carr,1.0,23.0,16.0,16.0,348.0,599.0,3270.0,21.0,12.0,29.0,92.0,3.17,0.0,1.0,0.0,0.0,0.0,0.0,192.0,192.0,20.0,273.0
Jeremy Maclin,3.0,26.0,16.0,16.0,0.0,0.0,0.0,0.0,0.0,0.0,0.0,0.0,0.0,143.0,85.0,1318.0,15.51,10.0,192.0,277.0,9.0,156.0
Lamar Miller,2.0,23.0,16.0,16.0,0.0,0.0,0.0,0.0,0.0,216.0,1099.0,5.09,8.0,52.0,38.0,275.0,7.24,1.0,185.0,223.0,9.0,185.0
Jeremy Hill,2.0,22.0,16.0,8.0,0.0,0.0,0.0,0.0,0.0,222.0,1124.0,5.06,9.0,32.0,27.0,215.0,7.96,0.0,184.0,211.0,10.0,157.0
Rob Gronkowski,4.0,25.0,15.0,10.0,0.0,0.0,0.0,0.0,0.0,0.0,0.0,0.0,0.0,131.0,82.0,1124.0,13.71,12.0,184.0,266.0,1.0,184.0
Teddy Bridgewater,1.0,22.0,13.0,12.0,259.0,402.0,2919.0,14.0,12.0,47.0,209.0,4.45,1.0,0.0,0.0,0.0,0.0,0.0,180.0,180.0,22.0,200.0
Ryan Fitzpatrick,1.0,32.0,12.0,12.0,197.0,312.0,2483.0,17.0,8.0,50.0,184.0,3.68,2.0,0.0,0.0,0.0,0.0,0.0,180.0,180.0,21.0,285.0
T.Y. Hilton,3.0,25.0,15.0,15.0,0.0,0.0,0.0,0.0,0.0,2.0,20.0,10.0,0.0,131.0,82.0,1345.0,16.4,7.0,179.0,261.0,10.0,142.0
Mike Evans,3.0,21.0,15.0,15.0,0.0,0.0,0.0,0.0,0.0,0.0,0.0,0.0,0.0,122.0,68.0,1051.0,15.46,12.0,177.0,245.0,11.0,137.0
Blake Bortles,1.0,22.0,14.0,13.0,280.0,475.0,2908.0,11.0,17.0,56.0,419.0,7.48,0.0,0.0,0.0,0.0,0.0,0.0,174.0,174.0,24.0,324.0
LeSean McCoy,2.0,26.0,16.0,16.0,0.0,0.0,0.0,0.0,0.0,312.0,1319.0,4.23,5.0,37.0,28.0,155.0,5.54,0.0,171.0,199.0,12.0,147.0
Mark Ingram,2.0,25.0,13.0,9.0,0.0,0.0,0.0,0.0,0.0,226.0,964.0,4.27,9.0,36.0,29.0,145.0,5.0,0.0,163.0,192.0,15.0,153.0
Brian Hoyer,1.0,29.0,14.0,13.0,242.0,438.0,3326.0,12.0,13.0,24.0,39.0,1.63,0.0,0.0,0.0,0.0,0.0,0.0,159.0,159.0,25.0,169.0
Calvin Johnson,3.0,29.0,13.0,13.0,0.0,0.0,0.0,0.0,0.0,0.0,0.0,0.0,0.0,128.0,71.0,1077.0,15.17,8.0,156.0,227.0,14.0,173.0
DeAndre Hopkins,3.0,22.0,16.0,16.0,0.0,0.0,0.0,0.0,0.0,0.0,0.0,0.0,0.0,127.0,76.0,1210.0,15.92,6.0,155.0,231.0,15.0,220.0
Frank Gore,2.0,31.0,16.0,16.0,0.0,0.0,0.0,0.0,0.0,255.0,1106.0,4.34,4.0,19.0,11.0,111.0,10.09,1.0,148.0,159.0,17.0,159.0
Giovani Bernard,2.0,23.0,13.0,9.0,0.0,0.0,0.0,0.0,0.0,168.0,680.0,4.05,5.0,59.0,43.0,349.0,8.12,2.0,145.0,188.0,18.0,132.0
Greg Olsen,4.0,29.0,16.0,16.0,0.0,0.0,0.0,0.0,0.0,0.0,0.0,0.0,0.0,123.0,84.0,1008.0,12.0,6.0,137.0,221.0,4.0,150.0
A.J. Green,3.0,26.0,13.0,13.0,0.0,0.0,0.0,0.0,0.0,2.0,2.0,1.0,0.0,117.0,69.0,1041.0,15.09,6.0,136.0,205.0,23.0,188.0
Jordan Matthews,3.0,22.0,16.0,10.0,0.0,0.0,0.0,0.0,0.0,0.0,0.0,0.0,0.0,103.0,67.0,872.0,13.01,8.0,135.0,202.0,24.0,146.0
Chris Ivory,2.0,26.0,16.0,10.0,0.0,0.0,0.0,0.0,0.0,198.0,821.0,4.15,6.0,27.0,18.0,123.0,6.83,1.0,134.0,152.0,19.0,173.0
Sammy Watkins,3.0,21.0,16.0,16.0,0.0,0.0,0.0,0.0,0.0,2.0,8.0,4.0,0.0,128.0,65.0,982.0,15.11,6.0,133.0,198.0,25.0,159.0
Josh McCown,1.0,35.0,11.0,11.0,184.0,327.0,2206.0,11.0,14.0,25.0,127.0,5.08,3.0,0.0,0.0,0.0,0.0,0.0,127.0,127.0,28.0,136.0
Eric Decker,3.0,27.0,15.0,15.0,0.0,0.0,0.0,0.0,0.0,0.0,0.0,0.0,0.0,115.0,74.0,962.0,13.0,5.0,126.0,200.0,29.0,173.0
Jonathan Stewart,2.0,27.0,13.0,8.0,0.0,0.0,0.0,0.0,0.0,175.0,809.0,4.62,3.0,31.0,25.0,181.0,7.24,1.0,121.0,146.0,23.0,147.0
Brandon Marshall,3.0,30.0,13.0,13.0,0.0,0.0,0.0,0.0,0.0,0.0,0.0,0.0,0.0,106.0,61.0,721.0,11.82,8.0,118.0,179.0,35.0,230.0
Delanie Walker,4.0,30.0,15.0,14.0,0.0,0.0,0.0,0.0,0.0,0.0,0.0,0.0,0.0,106.0,63.0,890.0,14.13,4.0,113.0,176.0,8.0,150.0
Rashad Jennings,2.0,29.0,11.0,9.0,0.0,0.0,0.0,0.0,0.0,167.0,639.0,3.83,4.0,41.0,30.0,226.0,7.53,0.0,109.0,139.0,29.0,136.0
Carson Palmer,1.0,35.0,6.0,6.0,141.0,224.0,1626.0,11.0,3.0,8.0,25.0,3.13,0.0,1.0,0.0,0.0,0.0,0.0,106.0,106.0,31.0,309.0
Allen Hurns,3.0,23.0,16.0,8.0,0.0,0.0,0.0,0.0,0.0,0.0,0.0,0.0,0.0,97.0,51.0,677.0,13.27,6.0,104.0,155.0,44.0,163.0
Doug Baldwin,3.0,26.0,16.0,16.0,0.0,0.0,0.0,0.0,0.0,1.0,8.0,8.0,0.0,98.0,66.0,825.0,12.5,3.0,101.0,167.0,45.0,191.0
James Jones,3.0,30.0,16.0,10.0,0.0,0.0,0.0,0.0,0.0,0.0,0.0,0.0,0.0,112.0,73.0,666.0,9.12,6.0,101.0,174.0,46.0,141.0
John Brown,3.0,24.0,16.0,5.0,0.0,0.0,0.0,0.0,0.0,3.0,-6.0,-2.0,0.0,102.0,48.0,696.0,14.5,5.0,99.0,147.0,48.0,143.0
Jarvis Landry,3.0,22.0,16.0,11.0,0.0,0.0,0.0,0.0,0.0,2.0,-4.0,-2.0,0.0,112.0,84.0,758.0,9.02,5.0,97.0,181.0,50.0,159.0
Michael Crabtree,3.0,27.0,16.0,16.0,0.0,0.0,0.0,0.0,0.0,1.0,4.0,4.0,0.0,108.0,68.0,698.0,10.26,4.0,94.0,162.0,53.0,146.0
Larry Fitzgerald,3.0,31.0,14.0,13.0,0.0,0.0,0.0,0.0,0.0,0.0,0.0,0.0,0.0,103.0,63.0,784.0,12.44,2.0,90.0,153.0,57.0,172.0
Kirk Cousins,1.0,26.0,6.0,5.0,126.0,204.0,1710.0,10.0,9.0,7.0,20.0,2.86,0.0,0.0,0.0,0.0,0.0,0.0,88.0,88.0,36.0,295.0
Brandin Cooks,3.0,21.0,10.0,7.0,0.0,0.0,0.0,0.0,0.0,7.0,73.0,10.43,1.0,69.0,53.0,550.0,10.38,3.0,86.0,139.0,59.0,170.0
Darren McFadden,2.0,27.0,16.0,12.0,0.0,1.0,0.0,0.0,0.0,155.0,534.0,3.45,2.0,56.0,36.0,212.0,5.89,0.0,85.0,121.0,37.0,156.0
Ronnie Hillman,2.0,23.0,8.0,4.0,0.0,0.0,0.0,0.0,0.0,106.0,434.0,4.09,3.0,34.0,21.0,139.0,6.62,1.0,81.0,102.0,39.0,137.0
Latavius Murray,2.0,24.0,15.0,3.0,0.0,0.0,0.0,0.0,0.0,82.0,424.0,5.17,2.0,23.0,17.0,143.0,8.41,0.0,69.0,86.0,45.0,164.0
Allen Robinson,3.0,21.0,10.0,8.0,0.0,0.0,0.0,0.0,0.0,0.0,0.0,0.0,0.0,81.0,48.0,548.0,11.42,2.0,69.0,117.0,70.0,224.0
Doug Martin,2.0,25.0,11.0,11.0,0.0,0.0,0.0,0.0,0.0,134.0,494.0,3.69,2.0,20.0,13.0,64.0,4.92,0.0,68.0,81.0,46.0,199.0
Tavon Austin,3.0,23.0,15.0,8.0,0.0,0.0,0.0,0.0,0.0,36.0,224.0,6.22,2.0,44.0,31.0,242.0,7.81,0.0,59.0,90.0,87.0,141.0
Devonta Freeman,2.0,22.0,16.0,0.0,0.0,0.0,0.0,0.0,0.0,65.0,248.0,3.82,1.0,37.0,30.0,225.0,7.5,1.0,57.0,87.0,59.0,243.0
Jordan Reed,4.0,24.0,11.0,2.0,0.0,0.0,0.0,0.0,0.0,0.0,0.0,0.0,0.0,65.0,50.0,465.0,9.3,0.0,45.0,95.0,26.0,157.0
DeAngelo Williams,2.0,31.0,6.0,6.0,0.0,0.0,0.0,0.0,0.0,62.0,219.0,3.53,0.0,6.0,5.0,44.0,8.8,0.0,24.0,29.0,90.0,191.0
Ted Ginn,3.0,29.0,16.0,0.0,1.0,1.0,10.0,0.0,0.0,3.0,6.0,2.0,0.0,26.0,14.0,190.0,13.57,0.0,20.0,34.0,130.0,140.0
Gary Barnidge,4.0,29.0,13.0,2.0,0.0,0.0,0.0,0.0,0.0,0.0,0.0,0.0,0.0,25.0,13.0,156.0,12.0,0.0,16.0,29.0,52.0,158.0
Adrian Peterson,2.0,29.0,1.0,1.0,0.0,0.0,0.0,0.0,0.0,21.0,75.0,3.57,0.0,3.0,2.0,18.0,9.0,0.0,9.0,11.0,123.0,231.0
Danny Woodhead,2.0,29.0,3.0,0.0,0.0,0.0,0.0,0.0,0.0,15.0,38.0,2.53,0.0,6.0,5.0,34.0,6.8,0.0,7.0,12.0,130.0,163.0
Tyler Eifert,4.0,24.0,1.0,1.0,0.0,0.0,0.0,0.0,0.0,0.0,0.0,0.0,0.0,3.0,3.0,37.0,12.33,0.0,4.0,7.0,82.0,140.0
Tyrod Taylor,1.0,25.0,1.0,0.0,0.0,0.0,0.0,0.0,0.0,4.0,-3.0,-0.75,0.0,0.0,0.0,0.0,0.0,0.0,0.0,0.0,101.0,275.0
David Johnson,4.0,27.0,14.0,2.0,0.0,0.0,0.0,0.0,0.0,0.0,0.0,0.0,0.0,0.0,1.0,4.0,4.0,0.0,0.0,1.0,94.0,174.0
Cam Newton,1.0,26.0,16.0,16.0,296.0,495.0,3837.0,35.0,10.0,132.0,636.0,4.82,10.0,0.0,0.0,0.0,0.0,0.0,391.0,391.0,1.0,260.0
Tom Brady,1.0,38.0,16.0,16.0,402.0,624.0,4770.0,36.0,7.0,34.0,53.0,1.56,3.0,1.0,1.0,36.0,36.0,0.0,344.0,345.0,2.0,261.0
Russell Wilson,1.0,27.0,16.0,16.0,329.0,483.0,4024.0,34.0,8.0,103.0,553.0,5.37,1.0,0.0,0.0,0.0,0.0,0.0,342.0,342.0,3.0,270.0
Blake Bortles,1.0,23.0,16.0,16.0,355.0,606.0,4428.0,35.0,18.0,52.0,310.0,5.96,2.0,0.0,0.0,0.0,0.0,0.0,324.0,324.0,4.0,270.0
Carson Palmer,1.0,36.0,16.0,16.0,342.0,537.0,4671.0,35.0,11.0,25.0,24.0,0.96,1.0,0.0,0.0,0.0,0.0,0.0,309.0,309.0,5.0,249.0
Drew Brees,1.0,36.0,15.0,15.0,428.0,627.0,4870.0,32.0,11.0,24.0,14.0,0.58,1.0,0.0,0.0,0.0,0.0,0.0,306.0,306.0,6.0,336.0
Aaron Rodgers,1.0,32.0,16.0,16.0,347.0,572.0,3821.0,31.0,8.0,58.0,344.0,5.93,1.0,0.0,0.0,0.0,0.0,0.0,305.0,305.0,7.0,382.0
Kirk Cousins,1.0,27.0,16.0,16.0,379.0,543.0,4166.0,29.0,11.0,26.0,48.0,1.85,5.0,0.0,0.0,0.0,0.0,0.0,295.0,295.0,8.0,306.0
Matthew Stafford,1.0,27.0,16.0,16.0,398.0,592.0,4262.0,32.0,13.0,44.0,159.0,3.61,1.0,1.0,1.0,-6.0,-6.0,0.0,292.0,293.0,9.0,282.0
Eli Manning,1.0,34.0,16.0,16.0,387.0,618.0,4432.0,35.0,14.0,20.0,61.0,3.05,0.0,0.0,0.0,0.0,0.0,0.0,287.0,287.0,10.0,226.0
Philip Rivers,1.0,34.0,16.0,16.0,437.0,661.0,4792.0,29.0,13.0,17.0,28.0,1.65,0.0,0.0,0.0,0.0,0.0,0.0,286.0,286.0,11.0,263.0
Ryan Fitzpatrick,1.0,33.0,16.0,16.0,335.0,562.0,3905.0,31.0,15.0,60.0,270.0,4.5,2.0,0.0,0.0,0.0,0.0,0.0,285.0,285.0,12.0,133.0
Jameis Winston,1.0,21.0,16.0,16.0,312.0,535.0,4042.0,22.0,15.0,54.0,213.0,3.94,6.0,0.0,0.0,0.0,0.0,0.0,279.0,279.0,13.0,262.0
Tyrod Taylor,1.0,26.0,14.0,14.0,242.0,380.0,3035.0,20.0,6.0,104.0,568.0,5.46,4.0,1.0,1.0,4.0,4.0,0.0,275.0,276.0,14.0,271.0
Derek Carr,1.0,24.0,16.0,16.0,350.0,573.0,3987.0,32.0,13.0,33.0,138.0,4.18,0.0,0.0,0.0,0.0,0.0,0.0,273.0,273.0,15.0,270.0
Alex Smith,1.0,31.0,16.0,16.0,307.0,470.0,3486.0,20.0,7.0,84.0,498.0,5.93,2.0,0.0,0.0,0.0,0.0,0.0,273.0,273.0,16.0,226.0
Alex Smith,0.0,33.0,3.0,1.0,0.0,0.0,0.0,0.0,0.0,0.0,0.0,0.0,0.0,2.0,0.0,0.0,0.0,0.0,0.0,0.0,105.0,226.0
Ryan Tannehill,1.0,27.0,16.0,16.0,363.0,586.0,4208.0,24.0,12.0,32.0,141.0,4.41,1.0,1.0,1.0,9.0,9.0,0.0,259.0,260.0,17.0,192.0
Antonio Brown,3.0,27.0,16.0,16.0,0.0,0.0,0.0,0.0,0.0,3.0,28.0,9.33,0.0,193.0,136.0,1834.0,13.49,10.0,250.0,386.0,1.0,207.0
Andy Dalton,1.0,28.0,13.0,13.0,255.0,386.0,3250.0,25.0,7.0,57.0,142.0,2.49,3.0,0.0,0.0,0.0,0.0,0.0,244.0,244.0,18.0,261.0
Devonta Freeman,2.0,23.0,15.0,13.0,0.0,0.0,0.0,0.0,0.0,265.0,1056.0,3.98,11.0,97.0,73.0,578.0,7.92,3.0,243.0,316.0,1.0,232.0
Matt Ryan,1.0,30.0,16.0,16.0,407.0,614.0,4591.0,21.0,16.0,36.0,63.0,1.75,0.0,0.0,0.0,0.0,0.0,0.0,236.0,236.0,19.0,355.0
Julio Jones,3.0,26.0,16.0,16.0,0.0,0.0,0.0,0.0,0.0,0.0,0.0,0.0,0.0,203.0,136.0,1871.0,13.76,8.0,235.0,371.0,2.0,179.0
Ben Roethlisberger,1.0,33.0,12.0,11.0,319.0,469.0,3938.0,21.0,16.0,15.0,29.0,1.93,0.0,0.0,0.0,-3.0,0.0,0.0,234.0,234.0,20.0,266.0
Odell Beckham,3.0,23.0,15.0,15.0,0.0,0.0,0.0,0.0,0.0,1.0,3.0,3.0,0.0,158.0,96.0,1450.0,15.1,13.0,223.0,319.0,5.0,196.0
Marcus Mariota,1.0,22.0,12.0,12.0,230.0,370.0,2818.0,19.0,10.0,34.0,252.0,7.41,2.0,1.0,1.0,41.0,41.0,1.0,210.0,211.0,22.0,268.0
Sam Bradford,1.0,28.0,14.0,14.0,346.0,532.0,3725.0,19.0,14.0,26.0,39.0,1.5,0.0,0.0,0.0,0.0,0.0,0.0,195.0,195.0,24.0,223.0
Doug Baldwin,3.0,27.0,16.0,16.0,0.0,0.0,0.0,0.0,0.0,0.0,0.0,0.0,0.0,103.0,78.0,1069.0,13.71,14.0,191.0,269.0,7.0,162.0
Todd Gurley,2.0,21.0,13.0,12.0,0.0,0.0,0.0,0.0,0.0,229.0,1106.0,4.83,10.0,26.0,21.0,188.0,8.95,0.0,189.0,210.0,5.0,155.0
Lamar Miller,2.0,24.0,16.0,16.0,0.0,0.0,0.0,0.0,0.0,194.0,872.0,4.49,8.0,57.0,47.0,397.0,8.45,2.0,185.0,232.0,6.0,160.0
David Johnson,2.0,24.0,16.0,5.0,0.0,0.0,0.0,0.0,0.0,125.0,581.0,4.65,8.0,57.0,36.0,457.0,12.69,4.0,174.0,210.0,7.0,328.0
David Johnson,4.0,28.0,16.0,4.0,0.0,0.0,0.0,0.0,0.0,2.0,4.0,2.0,0.0,2.0,1.0,4.0,4.0,0.0,-1.0,0.0,121.0,328.0
Matt Forte,2.0,30.0,13.0,13.0,0.0,0.0,0.0,0.0,0.0,218.0,898.0,4.12,4.0,58.0,44.0,389.0,8.84,3.0,173.0,217.0,8.0,154.0
Larry Fitzgerald,3.0,32.0,16.0,16.0,0.0,0.0,0.0,0.0,0.0,0.0,0.0,0.0,0.0,145.0,109.0,1215.0,11.15,9.0,172.0,281.0,11.0,137.0
Brandin Cooks,3.0,22.0,16.0,13.0,0.0,0.0,0.0,0.0,0.0,8.0,18.0,2.25,0.0,129.0,84.0,1138.0,13.55,9.0,170.0,254.0,12.0,168.0
Joe Flacco,1.0,30.0,10.0,10.0,266.0,413.0,2791.0,14.0,12.0,13.0,23.0,1.77,3.0,0.0,0.0,0.0,0.0,0.0,166.0,166.0,26.0,244.0
Latavius Murray,2.0,25.0,16.0,16.0,0.0,0.0,0.0,0.0,0.0,266.0,1066.0,4.01,6.0,53.0,41.0,232.0,5.66,0.0,164.0,205.0,10.0,175.0
Demaryius Thomas,3.0,28.0,16.0,16.0,0.0,0.0,0.0,0.0,0.0,0.0,0.0,0.0,0.0,177.0,105.0,1304.0,12.42,6.0,164.0,269.0,13.0,136.0
Frank Gore,2.0,32.0,16.0,16.0,0.0,0.0,0.0,0.0,0.0,260.0,967.0,3.72,6.0,58.0,34.0,267.0,7.85,1.0,159.0,193.0,12.0,176.0
Jarvis Landry,3.0,23.0,16.0,14.0,1.0,1.0,9.0,0.0,0.0,18.0,113.0,6.28,1.0,166.0,110.0,1157.0,10.52,4.0,159.0,269.0,15.0,137.0
Jeremy Hill,2.0,23.0,16.0,15.0,0.0,0.0,0.0,0.0,0.0,223.0,794.0,3.56,11.0,19.0,15.0,79.0,5.27,1.0,157.0,172.0,13.0,155.0
Mark Ingram,2.0,26.0,12.0,10.0,0.0,0.0,0.0,0.0,0.0,166.0,769.0,4.63,6.0,60.0,50.0,405.0,8.1,0.0,153.0,203.0,15.0,198.0
Greg Olsen,4.0,30.0,16.0,16.0,0.0,0.0,0.0,0.0,0.0,0.0,0.0,0.0,0.0,124.0,77.0,1104.0,14.34,7.0,150.0,227.0,4.0,131.0
Emmanuel Sanders,3.0,28.0,15.0,15.0,0.0,0.0,0.0,0.0,0.0,3.0,29.0,9.67,0.0,136.0,76.0,1135.0,14.93,6.0,148.0,224.0,18.0,134.0
Jonathan Stewart,2.0,28.0,13.0,13.0,0.0,0.0,0.0,0.0,0.0,242.0,989.0,4.09,6.0,21.0,16.0,99.0,6.19,1.0,147.0,163.0,16.0,138.0
LeSean McCoy,2.0,27.0,12.0,12.0,0.0,0.0,0.0,0.0,0.0,203.0,895.0,4.41,3.0,50.0,32.0,292.0,9.13,2.0,147.0,179.0,17.0,248.0
Michael Crabtree,3.0,28.0,16.0,15.0,0.0,0.0,0.0,0.0,0.0,0.0,0.0,0.0,0.0,146.0,85.0,922.0,10.85,9.0,146.0,231.0,19.0,152.0
T.Y. Hilton,3.0,26.0,16.0,15.0,0.0,0.0,0.0,0.0,0.0,0.0,0.0,0.0,0.0,134.0,69.0,1124.0,16.29,5.0,142.0,211.0,22.0,185.0
Amari Cooper,3.0,21.0,16.0,15.0,0.0,0.0,0.0,0.0,0.0,3.0,-3.0,-1.0,0.0,130.0,72.0,1070.0,14.86,6.0,141.0,213.0,25.0,151.0
DeMarco Murray,2.0,27.0,15.0,8.0,0.0,0.0,0.0,0.0,0.0,193.0,702.0,3.64,6.0,55.0,44.0,322.0,7.32,1.0,140.0,184.0,18.0,243.0
Mike Evans,3.0,22.0,15.0,14.0,0.0,0.0,0.0,0.0,0.0,0.0,0.0,0.0,0.0,148.0,74.0,1206.0,16.3,3.0,137.0,211.0,27.0,208.0
Andrew Luck,1.0,26.0,7.0,7.0,162.0,293.0,1881.0,15.0,12.0,33.0,196.0,5.94,0.0,0.0,0.0,0.0,0.0,0.0,133.0,133.0,28.0,310.0
Golden Tate,3.0,27.0,16.0,16.0,0.0,0.0,0.0,0.0,0.0,6.0,41.0,6.83,0.0,128.0,90.0,813.0,9.03,6.0,121.0,211.0,32.0,132.0
Brock Osweiler,1.0,25.0,8.0,7.0,170.0,275.0,1967.0,10.0,6.0,21.0,61.0,2.9,1.0,0.0,0.0,0.0,0.0,0.0,119.0,119.0,30.0,168.0
Isaiah Crowell,2.0,22.0,16.0,9.0,0.0,0.0,0.0,0.0,0.0,185.0,706.0,3.82,4.0,22.0,19.0,182.0,9.58,1.0,119.0,138.0,28.0,165.0
Travis Kelce,4.0,26.0,16.0,16.0,0.0,0.0,0.0,0.0,0.0,0.0,0.0,0.0,0.0,103.0,72.0,875.0,12.15,5.0,118.0,190.0,7.0,138.0
LeGarrette Blount,2.0,29.0,12.0,6.0,0.0,0.0,0.0,0.0,0.0,165.0,703.0,4.26,6.0,7.0,6.0,43.0,7.17,1.0,117.0,123.0,29.0,226.0
Colin Kaepernick,1.0,28.0,9.0,8.0,144.0,244.0,1615.0,6.0,5.0,45.0,256.0,5.69,1.0,0.0,0.0,0.0,0.0,0.0,112.0,112.0,31.0,200.0
Julian Edelman,3.0,29.0,9.0,9.0,0.0,0.0,0.0,0.0,0.0,3.0,23.0,7.67,0.0,88.0,61.0,692.0,11.34,7.0,112.0,173.0,37.0,132.0
Ryan Mathews,2.0,28.0,13.0,6.0,0.0,0.0,0.0,0.0,0.0,106.0,539.0,5.08,6.0,28.0,20.0,146.0,7.3,1.0,105.0,125.0,33.0,132.0
Rishard Matthews,3.0,26.0,11.0,11.0,0.0,0.0,0.0,0.0,0.0,1.0,4.0,4.0,0.0,61.0,43.0,662.0,15.4,4.0,91.0,134.0,50.0,149.0
Bilal Powell,2.0,27.0,11.0,2.0,0.0,0.0,0.0,0.0,0.0,70.0,313.0,4.47,1.0,63.0,47.0,388.0,8.26,2.0,88.0,135.0,44.0,139.0
Le'Veon Bell,2.0,23.0,6.0,6.0,0.0,0.0,0.0,0.0,0.0,113.0,556.0,4.92,3.0,26.0,24.0,136.0,5.67,0.0,87.0,111.0,45.0,242.0
Spencer Ware,2.0,24.0,11.0,2.0,0.0,0.0,0.0,0.0,0.0,72.0,403.0,5.6,6.0,6.0,6.0,5.0,0.83,0.0,77.0,83.0,51.0,161.0
Melvin Gordon,2.0,22.0,14.0,13.0,0.0,0.0,0.0,0.0,0.0,184.0,641.0,3.48,0.0,37.0,33.0,192.0,5.82,0.0,75.0,108.0,52.0,210.0
Carlos Hyde,2.0,25.0,7.0,7.0,0.0,0.0,0.0,0.0,0.0,115.0,470.0,4.09,3.0,15.0,11.0,53.0,4.82,0.0,70.0,81.0,54.0,165.0
Mike Wallace,3.0,29.0,16.0,12.0,0.0,0.0,0.0,0.0,0.0,1.0,6.0,6.0,0.0,72.0,39.0,473.0,12.13,2.0,60.0,99.0,78.0,131.0
Davante Adams,3.0,23.0,13.0,12.0,0.0,0.0,0.0,0.0,0.0,0.0,0.0,0.0,0.0,94.0,50.0,483.0,9.66,1.0,58.0,108.0,81.0,174.0
Dez Bryant,3.0,27.0,9.0,9.0,0.0,0.0,0.0,0.0,0.0,0.0,0.0,0.0,0.0,72.0,31.0,401.0,12.94,3.0,58.0,89.0,82.0,134.0
Tevin Coleman,2.0,22.0,12.0,3.0,0.0,0.0,0.0,0.0,0.0,87.0,392.0,4.51,1.0,11.0,2.0,14.0,7.0,0.0,41.0,43.0,74.0,160.0
Jay Ajayi,2.0,22.0,9.0,0.0,0.0,0.0,0.0,0.0,0.0,49.0,187.0,3.82,1.0,11.0,7.0,90.0,12.86,0.0,36.0,43.0,77.0,188.0
Terrance West,2.0,24.0,8.0,0.0,0.0,0.0,0.0,0.0,0.0,62.0,231.0,3.73,0.0,5.0,4.0,21.0,5.25,0.0,21.0,25.0,100.0,137.0
Tyrell Williams,3.0,23.0,4.0,0.0,0.0,0.0,0.0,0.0,0.0,0.0,0.0,0.0,0.0,5.0,2.0,90.0,45.0,1.0,15.0,17.0,144.0,148.0
Terrelle Pryor,3.0,26.0,3.0,2.0,0.0,0.0,0.0,0.0,0.0,1.0,-1.0,-1.0,0.0,8.0,1.0,42.0,42.0,0.0,4.0,5.0,179.0,138.0
Trevor Siemian,1.0,24.0,1.0,0.0,0.0,0.0,0.0,0.0,0.0,1.0,-1.0,-1.0,0.0,0.0,0.0,0.0,0.0,0.0,0.0,0.0,73.0,194.0
Aaron Rodgers,1.0,33.0,16.0,16.0,401.0,610.0,4428.0,40.0,7.0,67.0,369.0,5.51,4.0,0.0,0.0,0.0,0.0,0.0,382.0,382.0,1.0,134.0
Matt Ryan,1.0,31.0,16.0,16.0,373.0,534.0,4944.0,38.0,7.0,35.0,117.0,3.34,0.0,0.0,0.0,0.0,0.0,0.0,355.0,355.0,2.0,230.0
Drew Brees,1.0,37.0,16.0,16.0,471.0,673.0,5208.0,37.0,15.0,23.0,20.0,0.87,2.0,0.0,0.0,0.0,0.0,0.0,336.0,336.0,3.0,263.0
Kirk Cousins,1.0,28.0,16.0,16.0,406.0,606.0,4917.0,25.0,12.0,34.0,96.0,2.82,4.0,0.0,0.0,0.0,0.0,0.0,306.0,306.0,5.0,278.0
Dak Prescott,1.0,23.0,16.0,16.0,311.0,459.0,3667.0,23.0,4.0,57.0,282.0,4.95,6.0,0.0,0.0,0.0,0.0,0.0,293.0,293.0,6.0,267.0
Ezekiel Elliott,2.0,21.0,15.0,15.0,0.0,0.0,0.0,0.0,0.0,322.0,1631.0,5.07,15.0,39.0,32.0,363.0,11.34,1.0,293.0,325.0,2.0,177.0
Matthew Stafford,1.0,28.0,16.0,16.0,388.0,594.0,4327.0,24.0,10.0,37.0,207.0,5.59,2.0,1.0,0.0,0.0,0.0,0.0,282.0,282.0,7.0,278.0
Tyrod Taylor,1.0,27.0,15.0,15.0,269.0,436.0,3023.0,17.0,6.0,95.0,580.0,6.11,6.0,0.0,0.0,0.0,0.0,0.0,271.0,271.0,8.0,223.0
Derek Carr,1.0,25.0,15.0,15.0,357.0,560.0,3937.0,28.0,6.0,39.0,70.0,1.79,0.0,0.0,0.0,0.0,0.0,0.0,270.0,270.0,9.0,206.0
Blake Bortles,1.0,24.0,16.0,16.0,368.0,625.0,3905.0,23.0,16.0,58.0,359.0,6.19,3.0,1.0,1.0,20.0,20.0,1.0,270.0,271.0,10.0,252.0
Russell Wilson,1.0,28.0,16.0,16.0,353.0,546.0,4219.0,21.0,11.0,72.0,259.0,3.6,1.0,2.0,2.0,14.0,7.0,1.0,270.0,272.0,11.0,354.0
Marcus Mariota,1.0,23.0,15.0,15.0,276.0,451.0,3426.0,26.0,9.0,60.0,349.0,5.82,2.0,1.0,0.0,0.0,0.0,0.0,268.0,268.0,12.0,214.0
Ben Roethlisberger,1.0,34.0,14.0,14.0,328.0,509.0,3819.0,29.0,13.0,16.0,14.0,0.88,1.0,0.0,0.0,0.0,0.0,0.0,266.0,266.0,13.0,263.0
Philip Rivers,1.0,35.0,16.0,16.0,349.0,578.0,4386.0,33.0,21.0,14.0,35.0,2.5,0.0,0.0,0.0,0.0,0.0,0.0,263.0,263.0,14.0,272.0
Jameis Winston,1.0,22.0,16.0,16.0,345.0,567.0,4090.0,28.0,18.0,53.0,165.0,3.11,1.0,0.0,0.0,0.0,0.0,0.0,262.0,262.0,15.0,204.0
Tom Brady,1.0,39.0,12.0,12.0,291.0,432.0,3554.0,28.0,2.0,28.0,64.0,2.29,0.0,0.0,0.0,0.0,0.0,0.0,261.0,261.0,17.0,296.0
Andy Dalton,1.0,29.0,16.0,16.0,364.0,563.0,4206.0,18.0,8.0,46.0,184.0,4.0,4.0,0.0,0.0,0.0,0.0,0.0,261.0,261.0,16.0,211.0
Cam Newton,1.0,27.0,15.0,14.0,270.0,510.0,3509.0,19.0,14.0,90.0,359.0,3.99,5.0,0.0,0.0,0.0,0.0,0.0,260.0,260.0,18.0,303.0
LeSean McCoy,2.0,28.0,15.0,15.0,0.0,0.0,0.0,0.0,0.0,234.0,1267.0,5.41,13.0,57.0,50.0,356.0,7.12,1.0,248.0,298.0,3.0,205.0
Joe Flacco,1.0,31.0,16.0,16.0,436.0,672.0,4317.0,20.0,15.0,21.0,58.0,2.76,2.0,0.0,0.0,0.0,0.0,0.0,244.0,244.0,20.0,185.0
DeMarco Murray,2.0,28.0,16.0,16.0,1.0,2.0,10.0,1.0,0.0,293.0,1287.0,4.39,9.0,67.0,53.0,377.0,7.11,3.0,243.0,296.0,4.0,133.0
Le'Veon Bell,2.0,24.0,12.0,12.0,0.0,1.0,0.0,0.0,0.0,261.0,1268.0,4.86,7.0,94.0,75.0,616.0,8.21,2.0,242.0,317.0,5.0,259.0
Devonta Freeman,2.0,24.0,16.0,16.0,0.0,0.0,0.0,0.0,0.0,227.0,1079.0,4.75,11.0,65.0,54.0,462.0,8.56,2.0,232.0,286.0,6.0,164.0
Eli Manning,1.0,35.0,16.0,16.0,377.0,598.0,4027.0,26.0,16.0,21.0,-9.0,-0.43,0.0,0.0,0.0,0.0,0.0,0.0,226.0,226.0,21.0,195.0
Alex Smith,1.0,32.0,15.0,15.0,328.0,489.0,3502.0,15.0,8.0,48.0,134.0,2.79,5.0,1.0,1.0,3.0,3.0,0.0,226.0,227.0,22.0,299.0
Carson Wentz,1.0,24.0,16.0,16.0,379.0,607.0,3782.0,16.0,14.0,46.0,150.0,3.26,2.0,1.0,1.0,7.0,7.0,0.0,217.0,218.0,24.0,284.0
Melvin Gordon,2.0,23.0,13.0,11.0,0.0,0.0,0.0,0.0,0.0,254.0,997.0,3.93,10.0,57.0,41.0,419.0,10.22,2.0,210.0,251.0,8.0,230.0
Mike Evans,3.0,23.0,16.0,16.0,0.0,0.0,0.0,0.0,0.0,0.0,0.0,0.0,0.0,173.0,96.0,1321.0,13.76,12.0,208.0,304.0,1.0,134.0
Antonio Brown,3.0,28.0,15.0,15.0,0.0,0.0,0.0,0.0,0.0,3.0,9.0,3.0,0.0,154.0,106.0,1284.0,12.11,12.0,207.0,313.0,3.0,211.0
Jordan Howard,2.0,22.0,15.0,13.0,0.0,0.0,0.0,0.0,0.0,252.0,1313.0,5.21,6.0,50.0,29.0,298.0,10.28,1.0,201.0,230.0,9.0,177.0
Mark Ingram,2.0,27.0,16.0,14.0,0.0,0.0,0.0,0.0,0.0,205.0,1043.0,5.09,6.0,58.0,46.0,319.0,6.93,4.0,198.0,244.0,10.0,220.0
Julio Jones,3.0,27.0,14.0,14.0,0.0,0.0,0.0,0.0,0.0,0.0,0.0,0.0,0.0,129.0,83.0,1409.0,16.98,6.0,179.0,262.0,6.0,164.0
Frank Gore,2.0,33.0,16.0,16.0,0.0,0.0,0.0,0.0,0.0,263.0,1025.0,3.9,4.0,47.0,38.0,277.0,7.29,4.0,176.0,214.0,12.0,145.0
Latavius Murray,2.0,26.0,14.0,12.0,0.0,0.0,0.0,0.0,0.0,195.0,788.0,4.04,12.0,43.0,33.0,264.0,8.0,0.0,175.0,208.0,13.0,143.0
Davante Adams,3.0,24.0,16.0,15.0,0.0,0.0,0.0,0.0,0.0,0.0,0.0,0.0,0.0,121.0,75.0,997.0,13.29,12.0,174.0,249.0,7.0,151.0
Brandin Cooks,3.0,23.0,16.0,12.0,0.0,0.0,0.0,0.0,0.0,6.0,30.0,5.0,0.0,117.0,78.0,1173.0,15.04,8.0,168.0,246.0,8.0,156.0
Carlos Hyde,2.0,26.0,13.0,13.0,0.0,0.0,0.0,0.0,0.0,217.0,988.0,4.55,6.0,33.0,27.0,163.0,6.04,3.0,165.0,192.0,15.0,175.0
Michael Thomas,3.0,23.0,15.0,12.0,0.0,0.0,0.0,0.0,0.0,0.0,0.0,0.0,0.0,121.0,92.0,1137.0,12.36,9.0,164.0,256.0,9.0,155.0
Doug Baldwin,3.0,28.0,16.0,15.0,1.0,1.0,15.0,1.0,0.0,3.0,2.0,0.67,0.0,125.0,94.0,1128.0,12.0,7.0,162.0,256.0,10.0,148.0
Lamar Miller,2.0,25.0,14.0,14.0,0.0,0.0,0.0,0.0,0.0,268.0,1073.0,4.0,5.0,39.0,31.0,188.0,6.06,1.0,160.0,191.0,18.0,158.0
Tevin Coleman,2.0,23.0,13.0,0.0,0.0,0.0,0.0,0.0,0.0,118.0,520.0,4.41,8.0,40.0,31.0,421.0,13.58,3.0,160.0,191.0,17.0,141.0
Todd Gurley,2.0,22.0,16.0,16.0,0.0,0.0,0.0,0.0,0.0,278.0,885.0,3.18,6.0,58.0,43.0,327.0,7.6,0.0,155.0,198.0,20.0,319.0
Travis Kelce,4.0,27.0,16.0,15.0,0.0,0.0,0.0,0.0,0.0,1.0,-5.0,-5.0,0.0,117.0,85.0,1125.0,13.24,4.0,138.0,223.0,1.0,151.0
Tyreek Hill,3.0,22.0,16.0,1.0,0.0,0.0,0.0,0.0,0.0,24.0,267.0,11.13,3.0,83.0,61.0,593.0,9.72,6.0,138.0,199.0,17.0,164.0
Jarvis Landry,3.0,24.0,16.0,16.0,0.0,1.0,0.0,0.0,0.0,5.0,17.0,3.4,0.0,131.0,94.0,1136.0,12.09,4.0,137.0,231.0,18.0,148.0
Larry Fitzgerald,3.0,33.0,16.0,16.0,0.0,1.0,0.0,0.0,0.0,2.0,5.0,2.5,0.0,150.0,107.0,1023.0,9.56,6.0,137.0,244.0,19.0,152.0
Golden Tate,3.0,28.0,16.0,16.0,0.0,0.0,0.0,0.0,0.0,10.0,4.0,0.4,0.0,135.0,91.0,1077.0,11.84,4.0,132.0,223.0,25.0,133.0
Adam Thielen,3.0,26.0,16.0,10.0,0.0,0.0,0.0,0.0,0.0,2.0,15.0,7.5,0.0,92.0,69.0,967.0,14.01,5.0,126.0,195.0,30.0,149.0
A.J. Green,3.0,28.0,10.0,10.0,0.0,0.0,0.0,0.0,0.0,0.0,0.0,0.0,0.0,100.0,66.0,964.0,14.61,4.0,120.0,186.0,35.0,152.0
DeAndre Hopkins,3.0,24.0,16.0,16.0,0.0,0.0,0.0,0.0,0.0,0.0,0.0,0.0,0.0,151.0,78.0,954.0,12.23,4.0,119.0,197.0,38.0,216.0
Marvin Jones,3.0,26.0,15.0,15.0,0.0,0.0,0.0,0.0,0.0,1.0,3.0,3.0,0.0,103.0,55.0,930.0,16.91,4.0,117.0,172.0,39.0,166.0
Case Keenum,1.0,28.0,10.0,9.0,196.0,322.0,2201.0,9.0,11.0,20.0,51.0,2.55,1.0,0.0,0.0,0.0,0.0,0.0,113.0,113.0,30.0,240.0
Stefon Diggs,3.0,23.0,13.0,11.0,0.0,0.0,0.0,0.0,0.0,3.0,10.0,3.33,0.0,112.0,84.0,903.0,10.75,3.0,109.0,193.0,45.0,134.0
Alshon Jeffery,3.0,26.0,12.0,12.0,0.0,0.0,0.0,0.0,0.0,0.0,0.0,0.0,0.0,94.0,52.0,821.0,15.79,2.0,94.0,146.0,54.0,141.0
Duke Johnson,2.0,23.0,16.0,1.0,0.0,1.0,0.0,0.0,0.0,73.0,358.0,4.9,1.0,74.0,53.0,514.0,9.7,0.0,91.0,144.0,39.0,142.0
C.J. Anderson,2.0,25.0,7.0,7.0,0.0,0.0,0.0,0.0,0.0,110.0,437.0,3.97,4.0,24.0,16.0,128.0,8.0,1.0,87.0,103.0,41.0,147.0
Robby Anderson,3.0,23.0,16.0,8.0,0.0,0.0,0.0,0.0,0.0,3.0,42.0,14.0,0.0,78.0,42.0,587.0,13.98,2.0,73.0,115.0,69.0,139.0
Rob Gronkowski,4.0,27.0,8.0,6.0,0.0,0.0,0.0,0.0,0.0,0.0,0.0,0.0,0.0,38.0,25.0,540.0,21.6,3.0,72.0,97.0,22.0,158.0
Devin Funchess,3.0,22.0,15.0,7.0,0.0,0.0,0.0,0.0,0.0,0.0,0.0,0.0,0.0,58.0,23.0,371.0,16.13,4.0,63.0,86.0,80.0,134.0
Jared Goff,1.0,22.0,7.0,7.0,112.0,205.0,1089.0,5.0,7.0,8.0,16.0,2.0,1.0,0.0,0.0,0.0,0.0,0.0,53.0,53.0,37.0,255.0
Josh McCown,1.0,37.0,5.0,3.0,90.0,165.0,1100.0,6.0,6.0,7.0,21.0,3.0,0.0,0.0,0.0,0.0,0.0,0.0,52.0,52.0,38.0,207.0
Jay Cutler,1.0,33.0,5.0,5.0,81.0,137.0,1059.0,4.0,5.0,5.0,24.0,4.8,0.0,0.0,0.0,0.0,0.0,0.0,47.0,47.0,39.0,158.0
Dion Lewis,2.0,26.0,7.0,5.0,0.0,0.0,0.0,0.0,0.0,64.0,283.0,4.42,0.0,24.0,17.0,94.0,5.53,0.0,38.0,55.0,74.0,165.0
Jacoby Brissett,1.0,23.0,3.0,2.0,34.0,55.0,400.0,0.0,0.0,16.0,83.0,5.19,1.0,0.0,0.0,0.0,0.0,0.0,28.0,28.0,44.0,208.0
Alex Collins,2.0,22.0,11.0,0.0,0.0,0.0,0.0,0.0,0.0,31.0,125.0,4.03,1.0,11.0,11.0,84.0,7.64,0.0,25.0,36.0,86.0,148.0
Keenan Allen,3.0,24.0,1.0,1.0,0.0,0.0,0.0,0.0,0.0,0.0,0.0,0.0,0.0,7.0,6.0,63.0,10.5,0.0,6.0,12.0,174.0,176.0
Russell Wilson,1.0,29.0,16.0,16.0,339.0,553.0,3983.0,34.0,11.0,95.0,586.0,6.17,3.0,0.0,0.0,0.0,0.0,0.0,354.0,354.0,1.0,298.0
Todd Gurley,2.0,23.0,15.0,15.0,0.0,0.0,0.0,0.0,0.0,279.0,1305.0,4.68,13.0,87.0,64.0,788.0,12.31,6.0,319.0,383.0,1.0,313.0
Cam Newton,1.0,28.0,16.0,16.0,291.0,492.0,3302.0,22.0,16.0,139.0,754.0,5.42,6.0,0.0,0.0,0.0,0.0,0.0,303.0,303.0,2.0,283.0
Alex Smith,1.0,33.0,15.0,15.0,341.0,505.0,4042.0,26.0,5.0,60.0,355.0,5.92,1.0,0.0,0.0,0.0,0.0,0.0,299.0,299.0,3.0,138.0
Tom Brady,1.0,40.0,16.0,16.0,385.0,581.0,4577.0,32.0,8.0,25.0,28.0,1.12,0.0,0.0,0.0,0.0,0.0,0.0,296.0,296.0,4.0,280.0
Carson Wentz,1.0,25.0,13.0,13.0,265.0,440.0,3296.0,33.0,7.0,64.0,299.0,4.67,0.0,0.0,0.0,0.0,0.0,0.0,284.0,284.0,5.0,193.0
Kirk Cousins,1.0,29.0,16.0,16.0,347.0,540.0,4093.0,27.0,13.0,49.0,179.0,3.65,4.0,0.0,0.0,0.0,0.0,0.0,278.0,278.0,7.0,282.0
Matthew Stafford,1.0,29.0,16.0,16.0,371.0,565.0,4446.0,29.0,10.0,29.0,98.0,3.38,0.0,0.0,0.0,0.0,0.0,0.0,278.0,278.0,6.0,212.0
Philip Rivers,1.0,36.0,16.0,16.0,360.0,575.0,4515.0,28.0,10.0,18.0,-2.0,-0.11,0.0,0.0,0.0,0.0,0.0,0.0,272.0,272.0,8.0,285.0
Dak Prescott,1.0,24.0,16.0,16.0,308.0,490.0,3324.0,22.0,13.0,57.0,357.0,6.26,6.0,0.0,0.0,0.0,0.0,0.0,267.0,267.0,9.0,286.0
Ben Roethlisberger,1.0,35.0,15.0,15.0,360.0,561.0,4251.0,28.0,14.0,28.0,47.0,1.68,0.0,0.0,0.0,0.0,0.0,0.0,263.0,263.0,10.0,341.0
Drew Brees,1.0,38.0,16.0,16.0,386.0,536.0,4334.0,23.0,8.0,33.0,12.0,0.36,2.0,0.0,0.0,0.0,0.0,0.0,263.0,263.0,11.0,304.0
Jared Goff,1.0,23.0,15.0,15.0,296.0,477.0,3804.0,28.0,7.0,28.0,51.0,1.82,1.0,0.0,0.0,0.0,0.0,0.0,255.0,255.0,12.0,310.0
Blake Bortles,1.0,25.0,16.0,16.0,315.0,523.0,3687.0,21.0,13.0,57.0,322.0,5.65,2.0,0.0,0.0,0.0,0.0,0.0,252.0,252.0,13.0,173.0
Kareem Hunt,2.0,22.0,16.0,16.0,0.0,0.0,0.0,0.0,0.0,272.0,1327.0,4.88,8.0,63.0,53.0,455.0,8.58,3.0,242.0,295.0,3.0,204.0
Case Keenum,1.0,29.0,15.0,14.0,325.0,481.0,3547.0,22.0,7.0,40.0,160.0,4.0,1.0,0.0,0.0,0.0,0.0,0.0,240.0,240.0,14.0,215.0
Alvin Kamara,2.0,22.0,16.0,3.0,0.0,0.0,0.0,0.0,0.0,120.0,728.0,6.07,8.0,100.0,81.0,826.0,10.2,5.0,233.0,314.0,4.0,273.0
Melvin Gordon,2.0,24.0,16.0,16.0,0.0,0.0,0.0,0.0,0.0,284.0,1105.0,3.89,8.0,83.0,58.0,476.0,8.21,4.0,230.0,288.0,5.0,226.0
Matt Ryan,1.0,32.0,16.0,16.0,342.0,529.0,4095.0,20.0,12.0,32.0,143.0,4.47,0.0,0.0,0.0,0.0,0.0,0.0,230.0,230.0,15.0,354.0
DeAndre Hopkins,3.0,25.0,15.0,15.0,0.0,0.0,0.0,0.0,0.0,0.0,0.0,0.0,0.0,174.0,96.0,1378.0,14.35,13.0,216.0,312.0,1.0,219.0
Marcus Mariota,1.0,24.0,15.0,15.0,281.0,453.0,3232.0,13.0,15.0,60.0,312.0,5.2,5.0,0.0,0.0,0.0,0.0,0.0,214.0,214.0,17.0,175.0
Antonio Brown,3.0,29.0,14.0,14.0,0.0,0.0,0.0,0.0,0.0,0.0,0.0,0.0,0.0,163.0,101.0,1533.0,15.18,9.0,211.0,312.0,2.0,220.0
Andy Dalton,1.0,30.0,16.0,16.0,297.0,496.0,3320.0,25.0,12.0,38.0,99.0,2.61,0.0,0.0,0.0,0.0,0.0,0.0,211.0,211.0,18.0,175.0
Derek Carr,1.0,26.0,15.0,15.0,323.0,515.0,3496.0,22.0,13.0,23.0,66.0,2.87,0.0,0.0,0.0,0.0,0.0,0.0,206.0,206.0,21.0,216.0
Jameis Winston,1.0,23.0,13.0,13.0,282.0,442.0,3504.0,19.0,11.0,33.0,135.0,4.09,1.0,0.0,0.0,0.0,0.0,0.0,204.0,204.0,22.0,196.0
Eli Manning,1.0,36.0,15.0,15.0,352.0,571.0,3468.0,19.0,13.0,12.0,26.0,2.17,1.0,0.0,0.0,0.0,0.0,0.0,195.0,195.0,23.0,240.0
Joe Flacco,1.0,32.0,16.0,16.0,352.0,549.0,3141.0,18.0,13.0,25.0,54.0,2.16,1.0,0.0,0.0,0.0,0.0,0.0,185.0,185.0,24.0,137.0
Ezekiel Elliott,2.0,22.0,10.0,10.0,0.0,0.0,0.0,0.0,0.0,242.0,983.0,4.06,7.0,38.0,26.0,269.0,10.35,2.0,177.0,203.0,9.0,252.0
Jordan Howard,2.0,23.0,16.0,16.0,0.0,0.0,0.0,0.0,0.0,276.0,1122.0,4.07,9.0,32.0,23.0,125.0,5.43,0.0,177.0,200.0,10.0,160.0
Keenan Allen,3.0,25.0,16.0,15.0,0.0,0.0,0.0,0.0,0.0,2.0,9.0,4.5,0.0,159.0,102.0,1393.0,13.66,6.0,176.0,278.0,3.0,163.0
Deshaun Watson,1.0,22.0,7.0,6.0,126.0,204.0,1699.0,19.0,8.0,36.0,269.0,7.47,2.0,0.0,0.0,0.0,0.0,0.0,173.0,173.0,26.0,332.0
Julio Jones,3.0,28.0,16.0,16.0,0.0,0.0,0.0,0.0,0.0,1.0,15.0,15.0,0.0,148.0,88.0,1444.0,16.41,3.0,164.0,252.0,6.0,213.0
Tyreek Hill,3.0,23.0,15.0,13.0,0.0,1.0,0.0,0.0,1.0,17.0,59.0,3.47,0.0,105.0,75.0,1183.0,15.77,7.0,164.0,239.0,5.0,247.0
Lamar Miller,2.0,26.0,16.0,13.0,0.0,0.0,0.0,0.0,0.0,238.0,888.0,3.73,3.0,45.0,36.0,327.0,9.08,3.0,158.0,194.0,14.0,148.0
Brandin Cooks,3.0,24.0,16.0,15.0,0.0,0.0,0.0,0.0,0.0,9.0,40.0,4.44,0.0,114.0,65.0,1082.0,16.65,7.0,156.0,221.0,7.0,163.0
Michael Thomas,3.0,24.0,16.0,14.0,0.0,0.0,0.0,0.0,0.0,0.0,0.0,0.0,0.0,149.0,104.0,1245.0,11.97,5.0,155.0,259.0,8.0,191.0
Travis Kelce,4.0,28.0,15.0,15.0,0.0,1.0,0.0,0.0,1.0,2.0,7.0,3.5,0.0,122.0,83.0,1038.0,12.51,8.0,151.0,234.0,2.0,192.0
Davante Adams,3.0,25.0,14.0,14.0,0.0,0.0,0.0,0.0,0.0,0.0,0.0,0.0,0.0,117.0,74.0,885.0,11.96,10.0,151.0,225.0,11.0,219.0
Adam Thielen,3.0,27.0,16.0,16.0,0.0,0.0,0.0,0.0,0.0,1.0,11.0,11.0,0.0,142.0,91.0,1276.0,14.02,4.0,149.0,240.0,12.0,194.0
Christian McCaffrey,2.0,21.0,16.0,10.0,0.0,0.0,0.0,0.0,0.0,117.0,435.0,3.72,2.0,113.0,80.0,651.0,8.14,5.0,149.0,229.0,15.0,279.0
Jarvis Landry,3.0,25.0,16.0,16.0,0.0,1.0,0.0,0.0,0.0,1.0,-7.0,-7.0,0.0,161.0,112.0,987.0,8.81,9.0,148.0,260.0,14.0,136.0
Tevin Coleman,2.0,24.0,15.0,3.0,0.0,0.0,0.0,0.0,0.0,156.0,628.0,4.03,5.0,39.0,27.0,299.0,11.07,3.0,141.0,168.0,22.0,162.0
Mike Evans,3.0,24.0,15.0,15.0,0.0,0.0,0.0,0.0,0.0,0.0,0.0,0.0,0.0,136.0,71.0,1001.0,14.1,5.0,134.0,205.0,18.0,198.0
Stefon Diggs,3.0,24.0,14.0,14.0,0.0,0.0,0.0,0.0,0.0,8.0,13.0,1.63,0.0,95.0,64.0,849.0,13.27,8.0,134.0,198.0,17.0,164.0
JuJu Smith-Schuster,3.0,21.0,14.0,7.0,0.0,0.0,0.0,0.0,0.0,0.0,0.0,0.0,0.0,79.0,58.0,917.0,15.81,7.0,134.0,192.0,20.0,186.0
Aaron Rodgers,1.0,34.0,7.0,7.0,154.0,238.0,1675.0,16.0,6.0,24.0,126.0,5.25,0.0,0.0,0.0,0.0,0.0,0.0,134.0,134.0,29.0,313.0
Zach Ertz,4.0,27.0,14.0,13.0,0.0,0.0,0.0,0.0,0.0,0.0,0.0,0.0,0.0,110.0,74.0,824.0,11.14,8.0,130.0,204.0,3.0,164.0
Derrick Henry,2.0,23.0,16.0,2.0,0.0,0.0,0.0,0.0,0.0,176.0,744.0,4.23,5.0,17.0,11.0,136.0,12.36,1.0,124.0,135.0,25.0,186.0
T.Y. Hilton,3.0,28.0,16.0,16.0,0.0,0.0,0.0,0.0,0.0,0.0,0.0,0.0,0.0,109.0,57.0,966.0,16.95,4.0,119.0,176.0,24.0,163.0
Joe Mixon,2.0,21.0,14.0,7.0,0.0,0.0,0.0,0.0,0.0,178.0,626.0,3.52,4.0,34.0,30.0,287.0,9.57,0.0,111.0,141.0,32.0,200.0
Amari Cooper,3.0,23.0,14.0,12.0,0.0,0.0,0.0,0.0,0.0,1.0,4.0,4.0,0.0,96.0,48.0,680.0,14.17,7.0,110.0,158.0,31.0,141.0
Kenyan Drake,2.0,23.0,16.0,6.0,0.0,0.0,0.0,0.0,0.0,133.0,644.0,4.84,3.0,48.0,32.0,239.0,7.47,1.0,110.0,142.0,34.0,153.0
Robert Woods,3.0,25.0,12.0,11.0,0.0,0.0,0.0,0.0,0.0,2.0,12.0,6.0,0.0,85.0,56.0,781.0,13.95,5.0,107.0,163.0,35.0,180.0
Tarik Cohen,3.0,22.0,16.0,4.0,1.0,2.0,21.0,1.0,0.0,87.0,370.0,4.25,2.0,71.0,53.0,353.0,6.66,1.0,91.0,144.0,44.0,163.0
Matt Breida,2.0,22.0,16.0,0.0,0.0,0.0,0.0,0.0,0.0,105.0,465.0,4.43,2.0,36.0,21.0,180.0,8.57,1.0,83.0,104.0,44.0,136.0
Marlon Mack,2.0,21.0,14.0,0.0,0.0,0.0,0.0,0.0,0.0,93.0,358.0,3.85,3.0,33.0,21.0,225.0,10.71,1.0,82.0,103.0,45.0,161.0
Ryan Fitzpatrick,1.0,35.0,6.0,3.0,96.0,163.0,1103.0,7.0,3.0,16.0,76.0,4.75,0.0,0.0,0.0,0.0,0.0,0.0,80.0,80.0,35.0,166.0
Eric Ebron,4.0,24.0,16.0,9.0,0.0,0.0,0.0,0.0,0.0,0.0,0.0,0.0,0.0,86.0,53.0,574.0,10.83,4.0,79.0,132.0,13.0,156.0
James White,2.0,25.0,14.0,4.0,0.0,0.0,0.0,0.0,0.0,43.0,171.0,3.98,0.0,72.0,56.0,429.0,7.66,3.0,78.0,134.0,47.0,190.0
Tyler Lockett,3.0,25.0,16.0,8.0,0.0,0.0,0.0,0.0,0.0,10.0,58.0,5.8,0.0,71.0,45.0,555.0,12.33,2.0,73.0,118.0,58.0,165.0
Aaron Jones,2.0,23.0,12.0,4.0,0.0,0.0,0.0,0.0,0.0,81.0,448.0,5.53,4.0,18.0,9.0,22.0,2.44,0.0,71.0,80.0,49.0,145.0
Kenny Golladay,3.0,24.0,11.0,5.0,0.0,0.0,0.0,0.0,0.0,1.0,9.0,9.0,0.0,48.0,28.0,477.0,17.04,3.0,69.0,97.0,62.0,137.0
Adrian Peterson,2.0,32.0,10.0,7.0,0.0,0.0,0.0,0.0,0.0,156.0,529.0,3.39,2.0,19.0,11.0,70.0,6.36,0.0,68.0,79.0,53.0,169.0
George Kittle,4.0,24.0,15.0,7.0,0.0,0.0,0.0,0.0,0.0,0.0,0.0,0.0,0.0,63.0,43.0,515.0,11.98,2.0,64.0,107.0,21.0,171.0
Odell Beckham,3.0,25.0,4.0,2.0,0.0,0.0,0.0,0.0,0.0,1.0,8.0,8.0,0.0,41.0,25.0,302.0,12.08,3.0,53.0,78.0,78.0,153.0
Tyler Boyd,3.0,23.0,10.0,1.0,0.0,0.0,0.0,0.0,0.0,0.0,0.0,0.0,0.0,32.0,22.0,225.0,10.23,2.0,35.0,57.0,106.0,145.0
Chris Carson,2.0,23.0,4.0,3.0,0.0,0.0,0.0,0.0,0.0,49.0,208.0,4.24,0.0,8.0,7.0,59.0,8.43,1.0,33.0,40.0,83.0,181.0
James Conner,2.0,22.0,14.0,0.0,0.0,0.0,0.0,0.0,0.0,32.0,144.0,4.5,0.0,1.0,0.0,0.0,0.0,0.0,14.0,14.0,100.0,225.0
Mike Williams,3.0,23.0,10.0,1.0,0.0,0.0,0.0,0.0,0.0,0.0,0.0,0.0,0.0,23.0,11.0,95.0,8.64,0.0,10.0,21.0,152.0,137.0
Patrick Mahomes,1.0,22.0,1.0,1.0,22.0,35.0,284.0,0.0,1.0,7.0,10.0,1.43,0.0,0.0,0.0,0.0,0.0,0.0,10.0,10.0,53.0,417.0
David Johnson,2.0,26.0,1.0,1.0,0.0,0.0,0.0,0.0,0.0,11.0,23.0,2.09,0.0,9.0,6.0,67.0,11.17,0.0,7.0,13.0,119.0,197.0
